Cycle,A01,A02,A03,A04,A05,A06,A07,A08,A09,A10,A11,A12,A17,B01,B02,B03,B04,B05,B06,B07,B08,B09,B10,B11,B12,B17,C01,C02,C03,C04,C05,C06,C07,C08,C09,C10,C11,C12,C17,D01,D02,D03,D04,D05,D06,D07,D08,D09,D10,D11,D12,D17,E01,E02,E03,E04,E05,E06,E07,E08,E09,E10,E11,E12,E17,F01,F02,F03,F04,F05,F06,F07,F08,F09,F10,F11,F12,G01,G02,G03,G04,G05,G06,G07,G08,G09,G10,G11,G12,H01,H02,H03,H04,H05,H06,H07,H08,H09,H10,H11,H12,I01,I02,I03,I04,I05,I06,I07,I08,I09,I10,I11,I12,J01,J02,J03,J04,J05,J06,J07,J08,J09,J10,J11,J12,J16,K01,K02,K03,K04,K05,K06,K07,K08,K09,K10,K11,K12,L01,L02,L03,L04,L05,L06,L07,L08,L09,L10,L11,L12,L16,M01,M02,M03,M04,M05,M06,M07,M08,M09,M10,M11,M12,N01,N02,N03,N04,N05,N06,N07,N08,N09,N10,N11,N12,N16,O01,O02,O03,O04,O05,O07,O08,O09,O10,O11,P01,P02,P03,P04,P05,P07,P08,P09,P10,P11,P16
1,-36.91721114,-54.29730222,-44.78399452,-49.01062663,-57.92380765,-26.71374772,-61.49841655,-56.81582419,-49.22033079,-51.9871246,-24.96272435,-27.44741378,-50.52862432,-63.6577323,-23.14066936,-15.04234324,-19.26076699,-16.41060522,-12.2907984,-34.86485785,-36.0616321,-19.79191143,-20.65517275,-17.34869239,-26.55374911,-21.03182926,-62.98384661,7.724468205,-13.65548801,1.52133268,-21.26532375,-31.25511172,-28.94197949,-28.89739337,-31.50270925,-17.9432617,-29.04079018,-32.24872425,-1.13900839,-44.2358706,-12.899313,-20.73122266,-23.01288767,-39.6954347,-39.72379774,-25.82481109,-20.08211141,-36.48825003,-14.65233962,-32.12268934,-23.80636946,-37.15899738,-65.52990083,-21.36597816,-8.896296106,-22.833946,-23.56254358,-13.1657724,-8.422761895,-22.7548079,-33.50063881,-10.16621436,-23.77719522,-12.25930349,-19.72424503,-34.28858536,-13.31082245,-18.39232244,-27.44311528,-8.590242828,-22.30717448,-14.17695235,-54.99264596,-22.60626961,-26.21088612,-13.57894585,-8.626289122,-40.36275621,-14.01767265,-16.95623814,-25.76682614,-14.55433708,-23.25974842,-40.93555673,-55.69767484,-13.90394814,-46.5618447,-48.84394262,-26.59370602,-75.41938195,-6.38572362,-30.70660757,-33.53336971,-17.63137903,-34.3515841,-28.98604054,-47.48108086,-7.180928271,-36.25262349,-42.1859984,-12.89802569,-24.59632186,-8.524353092,-18.64699709,-15.16890569,-22.77335193,-38.1191841,-13.15231078,-39.62135218,-9.373846542,-26.08980769,-33.98234135,-5.828249539,-42.0227107,-15.32932232,-25.71761562,-26.73775845,-23.1797286,-33.39294822,-33.67427678,-29.46116153,-2.92026739,-1.239264267,-32.94936111,-15.61922356,28.52375632,-47.36084362,-17.19424741,-21.66988174,-12.90937117,-20.08301997,-34.79124421,-44.70779255,-23.91497587,-4.649701851,32.30420289,-56.02963537,-42.55196736,-46.65125409,-21.26942698,-26.88203951,-25.80783408,-2.859774638,-33.21442589,-32.24084073,-18.61356101,-10.00531295,-7.192125616,-27.3175,-33.56787966,15.47256504,-69.31930564,-12.1536922,-24.45820482,-38.52095024,-21.73547477,-26.08880511,-13.89596682,-23.12738076,-21.55003751,-10.61579639,-11.35522885,-17.35879176,-13.71849967,-22.81980099,-32.98768504,-23.80827536,-17.96813197,-0.998495495,-14.86026944,-9.008767251,-0.991672511,-17.34309162,-14.81935563,22.21941636,-33.58486223,-4.437928224,-25.63029946,-31.95868527,-26.16264363,-25.2470273,-34.13699901,-22.93957382,-8.37021861,-11.26102961,-21.28347406,-11.3395757,-22.38189489,-27.87480225,-43.43967747,-34.51400046,-13.17563561,-20.4947581,-26.49642205,-47.6608435,-24.6997736,10.30285171
2,-21.62434067,-35.91414476,-27.06284529,-30.36756398,-26.94924377,-5.431963166,-27.45662928,-30.81176354,-27.83064874,-22.18559579,-8.769865556,-14.58026794,-31.68300841,-36.06194542,-13.02261714,-9.594976273,-14.78264491,-12.47685865,-7.732694696,-14.24410958,-16.84614903,-11.2274111,-13.79958155,-12.75335953,-13.68481721,-14.67985611,-37.13813502,-3.379583591,-10.08388741,-4.949998975,-14.48857031,-15.33677684,-17.15691696,-13.66369733,-16.30351413,-6.762547543,-13.4330718,-15.56422917,-9.30465165,-23.95457305,-9.282099585,-13.25010307,-11.68913243,-16.45153349,-15.17902495,-17.41461273,-11.72437423,-14.30759879,-12.00047893,-15.86643874,-13.62272731,-21.8016808,-28.89336475,-9.741750447,-3.388773124,-12.54921718,-11.98863898,-9.182743402,-10.36002171,-10.86194971,-18.71618095,-14.97821893,-14.73811342,-16.00369681,-9.639739245,-17.3674006,-8.930431785,-10.08872731,-12.39242695,-6.98743286,-14.37998632,-8.805170404,-21.68065131,-10.27730798,-17.54690175,-7.406022753,-8.56160653,-21.64538165,-8.527837086,-7.724045207,-10.7990239,-7.213879457,-10.24080067,-18.79030639,-25.7572524,-10.26146251,-14.96385139,-21.63148747,-17.76585177,-43.58788161,-0.005215069,-12.85790384,-16.88713708,-17.34672635,-15.37240758,-14.01464992,-19.72310223,-12.02909753,-18.98587365,-18.41562914,-12.98201041,-16.47129142,-4.006332168,-10.11743999,-5.417656422,-9.620911775,-13.93858152,-5.608317863,-17.30055729,-7.741768234,-8.336328326,-20.02498,-2.183043282,-18.21621464,-8.214321416,-13.16998561,-12.76202401,-8.154451767,-13.9929404,-21.16412765,-11.18463824,-9.501718157,-9.920302142,-17.67564009,-13.90541187,35.60187102,-24.63376041,-8.266292318,-12.16778087,-3.460431859,-9.83558398,-15.03247239,-24.63671698,-11.57405464,-0.825757713,0.778967828,-23.52239707,-23.88185884,-29.21849002,-8.609389975,-15.34434087,-11.66936332,-4.557454724,-13.23200951,-9.474525326,-14.23721323,-16.68914029,-12.48263931,-19.09415076,-21.61146151,17.85973712,-36.14322297,-4.770595327,-10.32360145,-11.48068235,-3.804622164,-12.40536678,-5.635852291,-6.484607162,-14.25462843,-8.44677509,-3.321676961,-5.980187187,-10.00510099,-9.456904524,-15.93240243,-9.97517204,-8.779417373,-6.126818642,-10.84205162,-0.525621249,-8.961128867,-12.53331391,-5.33262182,-1.760581831,-25.13065005,-9.789359857,-15.33508445,-14.36520405,-12.18946284,-12.04363084,-18.29286459,-13.13474342,-6.612262637,-8.311940285,-13.35646119,-1.868795564,-14.21596905,-11.51190244,-18.12180597,-13.43747812,-3.733889574,-16.49854396,-14.7486503,-30.14380345,-8.300316379,14.23055
3,-10.84944939,-18.01563012,-10.4891264,-16.3261713,-13.29187253,-0.997526677,-10.98737224,-12.01626192,-12.57774149,-7.100491673,-4.605434661,-5.766815482,-22.84105051,-16.29692211,-2.589412098,-4.477270006,-5.297187116,-2.83618674,-2.796741318,-6.07935486,-5.89470633,-2.391897141,-6.09454695,-5.68519916,-3.282418258,-8.28281035,-15.66857414,-1.988526577,-4.39551589,-0.842568128,-4.35681317,-8.225796829,-3.856579675,-5.523045299,-7.606239657,1.17716857,-2.193009496,-6.31322281,-5.815380439,-8.315034876,-5.501696299,-2.942945452,-5.3938264,-8.525754562,-7.208111247,-6.7374995,-5.217524643,-9.96052846,-2.302269232,-5.394623661,-6.814347481,-11.06293147,-15.40660036,-6.266917287,0.944046941,-3.233690984,-5.327432411,-4.065729012,-4.158387255,-3.635812588,-8.722248119,-3.099472787,-3.238054553,-4.759163321,-6.506839964,-7.360071569,-3.379264675,-4.342439194,-3.212381358,-3.871369771,-5.130185623,-3.372685724,-8.993458938,-3.515768573,-6.826747192,-3.33693163,-2.887109226,-7.732481822,-2.932367788,-3.42613483,-3.398553664,-0.038311645,-5.255165939,-10.20028193,-8.071336954,-2.272073139,-4.862726718,-7.840515044,-5.862710526,-23.33065043,-1.14694566,-5.991139373,-8.444316916,-6.882414203,-2.066841535,-3.485797882,-4.881432624,-6.24436075,-5.871737161,-4.647855947,-5.571687414,-1.990905695,1.035833234,-4.214727355,-4.746132145,-4.877876723,-7.514453842,-5.464250697,-6.984195942,-8.311539488,-3.464488356,-10.18878703,-1.166062507,-7.773324993,-2.01501481,-6.279965125,-4.878676282,-0.8546804,-6.074902276,-5.045263536,-5.402504185,-0.432243587,-4.636177077,-4.825354531,-5.008883786,45.97967997,-9.970434107,-2.109390171,-4.522132579,-3.546030281,-3.246137577,-9.066067298,-8.717771569,-8.150416728,1.911100342,-2.580483776,-6.309725168,-10.87099635,-20.69659941,-4.329256333,-7.708096657,-4.165682022,-2.905686949,-5.0716388,-3.871356781,-5.471332806,-9.847286665,-5.800245823,-5.639131779,-10.02890281,20.98397686,-16.89380574,-1.745066896,-3.121901174,-5.55066679,-0.834481228,-4.24572378,-2.074610849,-3.389408656,-7.62994008,-4.013248141,0.348988702,-3.894200339,-3.358767222,-2.145002798,-7.998233915,-3.964725374,-1.740223938,-3.396631931,-5.321518843,-3.349763409,-4.307028922,-4.192203832,-1.678847021,-2.291372568,-22.70796789,-10.9225994,-6.630748613,-5.174615383,-3.750400687,-6.86670166,-3.905209064,-4.763593628,-7.239676993,1.156986193,-4.338871788,0.354904922,-6.428718375,-4.465534565,-10.27310302,-5.422881787,-2.885751646,-7.252362486,-3.681401371,-16.3586345,-0.562017409,18.78352285
4,1.156763998,-2.819650466,1.241936804,-3.386242544,-0.498003034,8.745591187,-2.624336645,-4.540085207,-4.192367561,-0.288532126,1.496602246,-2.44076837,-16.93469483,-4.727153388,-2.037485646,0.749258972,2.544759748,-0.026207238,1.632233548,0.683407887,-1.042346448,-0.084365032,-2.780874262,-2.075844693,-2.292802063,-2.577443422,-3.710832677,2.491345101,-0.498156895,0.797404942,-0.405093541,3.442948072,1.019562053,-0.691303189,1.007279196,3.219883151,1.361970575,-0.501327669,-0.998766415,-0.738307481,0.988430966,-1.016851798,2.235418685,2.304412025,0.23586661,0.421140107,-1.523082709,-4.861205089,-1.814460117,-0.497791014,-0.327755024,-0.571857922,0.299066247,0.350539248,1.878753813,-1.300105231,0.525034517,1.845218871,-1.669154905,-1.793633704,0.578525252,0.64958958,-2.712862706,-0.18335804,-1.077962667,-1.637843384,-1.39844925,1.890556017,2.388161563,3.936226277,0.436089115,-0.070811877,-2.086032762,2.319694504,-0.496578119,-0.327765518,0.788213936,3.467272596,-0.387229795,-0.173860611,-0.164866316,1.330559908,2.791534905,0.937813594,-1.4045556,0.810567204,0.902025042,0.59041007,1.292516688,-7.274544535,3.835951906,2.631088227,-1.292998995,1.809436479,1.234703586,-0.67842875,-1.868572873,0.758663286,0.318113291,-1.253856726,-4.203895525,4.394470514,1.71178862,3.208623857,0.512851708,1.957304321,0.659828639,2.843567241,0.415866307,-0.422976055,0.526000958,0.900084181,-0.760276867,-1.12842985,3.56438982,-0.644197499,2.764807903,-0.535030715,2.474315117,-0.871466869,3.388244767,-0.772151289,0.282422233,-1.850033686,-4.699963791,61.30623996,-0.959739353,-1.416747454,-3.666021252,-1.242770244,-1.447733509,3.016005184,0.143491214,1.260670993,2.917619075,0.270754628,2.962474541,-2.214714306,-10.2862245,1.46804536,0.85883193,0.700544285,-2.011026799,-1.273668816,-0.570446431,-1.776790914,-3.373559693,0.234526453,1.43378681,-2.065561188,27.97863581,-1.542570146,-0.374978066,1.288334576,0.468479753,1.094125393,-1.179932699,-1.00467428,-0.181765563,-0.181717936,-0.908819353,4.996231797,-2.135996101,3.928652061,1.258863598,2.83003082,2.791042364,1.991309375,-0.407890029,-2.283224029,0.297313584,0.186608663,-0.700270559,0.613428963,-0.940163184,-14.09846637,-5.355353893,-2.889638842,-1.043892107,-0.236532296,-0.838044669,1.097662608,0.270346579,2.9826513,-0.780533856,0.215876115,2.845536933,2.354907532,4.449218541,-0.208412339,3.80398504,2.720095981,-0.072033582,4.139801774,-5.292993601,3.890176275,25.04469713
5,7.225222556,5.358078521,6.110118746,6.796975891,9.197442924,10.15864301,8.329975025,9.955199155,8.727538952,2.201481695,-0.668186518,6.637089827,-11.73960207,6.199877298,5.970373755,6.071043566,2.965673232,2.786760054,2.167545416,5.627327659,5.048240355,4.385086303,5.083114352,4.065158191,2.627735798,0.291679782,8.768447693,1.945920298,5.114075858,4.689649465,4.308409258,7.596675974,5.330350932,5.798225401,1.902287786,5.547402253,5.504849297,6.13841297,-0.240865557,6.62819348,6.64542755,4.928793416,5.800847542,6.556922401,5.426789189,5.526837647,2.057435881,1.894819892,3.111562823,5.013665477,4.958202952,7.688029922,8.524363489,5.968817649,4.693573886,5.105820814,4.396396568,4.710866883,3.673884456,2.197895764,2.661247796,2.2943852,1.135311365,7.964292542,4.800207173,6.431419759,4.521652943,2.302324067,5.020833758,4.807589453,1.667502033,3.768608421,8.542802648,2.67256543,4.130107556,-1.416278849,5.795626498,11.53146211,2.026641774,5.2796382,4.409577028,1.882214677,3.728317711,5.562423311,4.019326419,1.410300556,2.453451454,1.560957692,5.826145803,5.734642088,1.513175151,4.564460138,5.680170322,3.835583204,5.468396362,5.234605279,5.443767848,0.952512818,3.328012193,4.259160989,-0.578656344,8.993055859,3.756963904,-0.312025063,2.770981512,5.339531321,6.706586893,2.809820737,5.464643573,4.603853581,3.912640626,0.49421064,-0.3643181,5.369355718,3.631572356,3.837590934,2.097586609,2.238426196,6.898535993,4.304111383,5.439692766,2.289890374,4.11357798,9.240306678,5.550510302,69.53104975,6.003581564,2.734950529,4.10562168,3.804003243,3.115479262,4.22348256,3.196698183,6.226879422,5.28662479,5.157354054,8.683186133,7.381996619,-1.066130273,5.162834013,4.774199564,8.378119058,4.194175988,5.415331716,4.930346975,4.617862873,4.389078062,3.916713429,6.572712619,5.272226695,30.16559434,4.733314859,4.696011513,3.182030019,3.425695162,7.355633041,3.808959362,3.95617107,3.643561355,4.949539583,3.885103608,0.477327041,2.100492019,5.152023568,7.996974207,6.166524462,3.853359557,3.706432839,5.28718858,9.516953732,1.357295161,1.910154849,2.261309355,4.423326233,6.303528946,-12.5267107,4.251743337,3.06454472,4.172041793,2.744944002,3.983559873,-0.355288401,5.085447135,4.389350562,3.998715618,5.182013924,5.562550113,10.22015506,8.120510629,4.549184395,6.523330433,7.307419775,6.477311842,5.970392987,3.05107751,10.97268329,29.08259801
6,13.04135606,11.7308214,14.35465517,9.805025471,11.82068208,12.03085174,12.21359639,13.82046973,12.60552954,9.039607718,8.313985356,8.695446604,-5.417029386,13.89246989,6.560780413,8.706144178,9.199978584,4.480916096,5.340975881,7.032748124,7.005572863,5.407125514,5.741936667,6.355641473,8.850589092,2.95299867,15.13764638,8.100208996,10.74484134,3.687369547,7.394332026,5.918302176,9.316642432,9.395002643,7.145082488,9.411056713,8.715045328,9.581360788,0.720363316,9.927409846,8.322751044,7.916410589,4.823897213,9.838793796,8.724148457,9.906190565,10.37044806,8.600524129,10.50281135,6.695892988,7.573657072,14.25231156,17.04100122,5.095033643,7.319016609,8.120009689,7.424820337,5.367680642,10.15182576,6.600957934,6.850360865,7.341324922,6.579628043,6.286836034,7.911687508,14.068056,6.845138328,7.923412854,9.570462374,7.217137894,9.891049337,8.561658121,10.72117633,4.682231082,9.236452582,9.816071255,5.184691612,14.45336032,6.643413071,7.483390926,10.32640779,5.556054681,6.70133475,7.142242209,7.298234899,5.942479132,10.30850995,9.528746547,5.782080807,14.69250392,8.751013333,9.323124946,10.11837959,10.78474363,9.088976678,5.354641125,8.21796401,10.29307405,11.48389083,9.080109352,8.090516016,17.27240647,5.33875482,6.693375673,7.27707425,5.06950583,7.778542352,5.591606139,10.5137696,7.627847555,7.292460651,11.91790216,5.684959053,12.19780681,7.433250126,7.802058265,6.567850919,5.656087243,8.726367486,9.739222342,7.60203666,3.697309148,5.692134604,12.62362631,9.318668092,79.62699205,12.6631382,8.445211775,6.249315837,6.904182738,10.06660666,6.485753158,8.282182689,7.223995768,12.28398541,6.405328593,11.88346162,9.051562162,4.303897587,6.410510505,8.561154282,7.713825676,3.112987602,9.868300165,9.13125858,11.1099369,10.52720818,9.135787644,8.79916099,7.467977087,44.46108993,13.11176925,9.096985126,8.615399858,8.882112295,6.932327175,8.495223988,4.748485438,5.553110721,10.80329368,5.105953556,4.719974105,7.553483856,6.930446861,9.729134719,10.67525587,8.435552148,5.203366675,5.022127695,5.561070131,5.484920189,3.536728276,7.349701619,3.397408319,9.563056421,-7.731540823,11.37494176,9.578096935,8.460363683,7.060312876,3.815499872,7.074521319,7.474178088,11.79838658,4.526434119,5.992677445,7.681385386,12.71320156,12.1347855,10.77632751,6.848439409,10.54262454,10.03616412,6.393807161,11.27926818,12.39153703,35.22458353
7,15.25590692,14.08447867,13.70223711,13.62906309,14.97302255,9.4867315,16.5623201,18.24256633,13.98553761,13.58023192,6.756844343,9.050318663,1.739823315,17.16185778,10.57406902,8.730850419,8.613833199,9.608954234,9.102248479,9.941295163,9.430811916,7.89500481,9.409063976,7.954530177,8.522252903,5.24804625,16.54133348,4.540785058,7.920986592,4.293813824,5.535622353,8.437155156,8.238739167,10.17646507,4.882452731,6.158427407,10.24523715,10.1729539,1.970967676,11.32224905,11.48160382,9.081344902,9.011116502,13.30812981,10.09567391,7.483640505,7.657358624,9.527991801,6.302228184,9.582255631,10.786889,14.57864384,17.8451952,9.872094342,7.58661845,7.27246612,8.273306015,5.860133662,13.19360233,8.212079046,11.13640937,8.155229386,7.535637885,8.274013561,7.123082837,19.21616577,6.889990577,9.055754099,11.27485601,5.228752368,8.110439272,9.292235124,11.04079776,11.12087829,8.599456693,10.71596298,10.0847795,11.6779858,4.379848709,5.856976268,7.693159698,6.89045861,8.721271463,12.64089438,12.3273301,7.93458775,10.72926082,14.42194562,8.6432832,19.40532923,9.211751452,7.783480613,11.3756367,9.697870006,10.08500547,8.316082151,9.631473885,9.838642481,9.870850078,8.908294664,9.863282426,16.79940264,7.383462194,9.69381927,8.247145961,5.46492602,10.62671098,7.643077151,6.382096006,12.82206008,7.761156426,11.3025329,4.447987166,14.67802052,5.37857708,9.177454426,6.741735392,7.816501289,7.329589287,11.54427136,10.22859498,7.611994441,7.775734107,10.18246706,7.976875017,87.23948804,11.69336874,4.610946134,8.250903349,3.742288752,6.682759511,9.597320605,9.15928825,11.50798457,11.26108332,4.882075536,13.73672288,11.52550097,6.183935759,7.596572668,9.667877602,9.065492455,5.365894052,4.837427413,9.813474106,8.170327956,11.69567086,11.02405752,14.04709674,11.80369768,44.64285071,16.8407223,7.803018259,7.362142699,4.973746967,4.498266686,6.646853007,8.351408727,8.282913823,10.58571323,9.732831926,6.309336071,7.806024526,10.70794384,8.48476223,7.135811844,5.052679571,7.227713394,6.462986932,7.534202706,7.07711053,9.662634083,9.936453379,6.489921068,10.8539014,-3.092489804,16.88828505,10.07451158,6.197062249,5.509221565,7.032480146,8.242262743,5.342912097,8.213475033,3.810607104,8.311060983,3.985128848,14.8263138,8.510966021,11.17806671,10.43961541,8.0303478,8.87773722,9.320010013,14.61849313,11.69511337,34.38074255
8,14.73140605,21.98416357,15.14565201,18.21079469,16.58223411,11.42391475,17.23314959,17.61896534,12.33996351,11.46340465,8.587631729,7.772778669,1.415197369,21.83643499,9.968902262,10.62049932,11.89733166,8.03033367,7.275383068,6.900741863,7.942097694,9.779346482,9.705995887,9.175948747,7.719318603,3.371012403,19.05085065,6.751901826,9.835782371,6.71815525,7.630086173,10.57183391,8.852823079,12.22509261,7.954581763,6.542338793,7.186314445,11.06630296,4.24073545,15.86431243,11.41148902,8.235063029,9.881143617,12.99934984,10.79067368,11.67049656,11.52730757,9.222177792,9.463507372,9.578179989,8.162952333,10.5666635,19.0749363,7.737719475,6.815929384,10.47305644,7.705126875,7.652927503,8.309678255,8.795546313,7.922863528,8.358819805,9.045113059,12.67445153,9.785771254,20.75727611,6.171281429,7.061446154,7.955935826,6.062910038,8.205657351,8.317982383,13.18663252,6.548927848,9.042233218,8.669415132,7.099954797,14.01610284,7.53864956,6.450175516,6.616429546,7.081524793,7.522585949,13.20115638,11.97642372,7.393736132,9.598418095,11.29668233,10.79095374,19.9315245,5.43799351,8.342503126,9.910030614,8.668573976,8.110178952,8.729182907,9.435328165,7.42069023,5.154735714,15.63508225,14.10180418,17.98304803,7.885111783,7.789219587,7.736369694,6.930192114,9.069075332,8.515694916,7.224600268,9.535839034,6.291830773,9.09846172,4.945549049,19.04707698,8.308304846,9.545488652,10.1816944,4.63476095,7.224253182,9.71122633,10.75900052,8.984129669,7.154258947,11.48990763,11.25419922,89.52275675,16.85214151,6.001139589,7.590336389,8.466560841,7.522323699,10.1600731,11.78072935,7.415589315,7.866086632,2.137096112,7.152052004,13.91698095,7.163668269,7.951263754,7.032823845,8.278307018,7.54905166,9.03335429,10.79436992,9.493884197,13.60284643,11.85719634,8.693706234,10.83659017,45.99759327,20.02337778,8.223535968,9.547516191,9.359914745,5.471194926,8.769955156,8.008562083,5.964897293,9.700867817,7.491715501,3.01674232,7.295003651,10.41259471,10.01197725,8.486913144,8.590836344,10.05477895,4.863717037,7.222000908,2.568588083,8.843093086,8.453321951,6.058006998,6.21261455,1.512946527,12.97229804,9.336071473,8.069697367,7.141324762,9.621289604,7.696139819,7.317904495,8.054385614,5.274124258,9.287852182,5.216880905,14.79618369,10.78042408,14.18952998,9.743033289,6.793108421,11.85912909,5.634489784,17.02434551,6.667801703,44.85599533
9,15.30936039,16.60010261,13.85405051,15.87242472,15.63940817,9.169302631,13.26853353,16.96262408,11.05462882,13.31454282,9.309267573,13.23325995,4.685988575,17.36517232,13.02378257,10.64250585,8.112765126,6.158042713,9.049218148,7.307648001,8.996900491,6.030350016,8.856111956,8.56202011,6.680252383,7.413242032,15.8525773,8.424292605,8.077988006,5.023266396,9.575645855,9.203284861,8.345819196,12.1388397,8.414680779,4.3678223,8.979162229,8.472209605,7.759849265,15.14038827,10.17049218,7.449603325,6.489633292,12.19311464,11.54466895,12.59917728,10.43604602,10.94241835,6.319331379,9.161175542,8.227624083,12.0709957,20.93510445,10.38461426,3.845262679,10.81895864,5.311706614,11.15817108,8.108662421,6.165755936,7.063237493,8.784565915,8.50584839,8.815372408,13.37342074,16.73143606,4.486251467,6.560446157,6.963670697,4.846273369,7.098194616,9.000091718,11.02869971,5.969435302,7.247822387,10.70204988,5.659634374,11.70105661,9.708479827,7.077091769,4.624212549,9.112845071,9.076430887,10.39352966,11.64316406,5.720081355,8.930115204,10.8066337,10.91402471,19.27427626,7.120227598,7.821877345,9.192797474,9.93890166,8.637436349,5.277090466,7.63106776,10.12204179,8.277797185,7.978830859,12.73017487,12.43304995,5.200141161,8.096451206,6.172784744,6.75700074,7.963232689,6.07624775,9.975675065,11.863285,8.1127469,11.25133846,10.51266185,18.63561755,7.313540073,5.290937465,9.766451309,10.03192929,7.612837741,9.456834827,3.229715201,11.96041268,10.11856396,11.94121359,10.57824776,96.19559098,15.89380852,4.949512358,6.616492226,6.855767895,9.707922993,8.578098003,12.63635649,9.100949664,6.073593941,5.144260122,9.810033211,11.38905374,13.60071969,9.884483919,11.52361864,10.43698701,3.605225313,9.656163612,8.58953925,10.78954579,10.53694164,11.58466543,8.398608509,13.44855301,58.67121562,24.06840275,7.194358372,9.070265128,8.387999018,2.389379691,7.634593267,7.524280267,10.40332768,11.72842096,8.071488947,6.173246736,9.635275392,10.81218068,3.145332252,6.696190502,4.913988037,5.261727209,6.67885226,8.347072114,5.67505881,5.644823643,10.05448126,10.80344119,5.543518961,0.694881493,15.68382871,11.24479713,8.96931927,11.38582467,5.242562705,8.648602476,5.480703481,10.35556612,3.319500372,7.148404575,1.779662584,10.75728873,11.76647527,9.781862913,8.799387711,7.761340612,10.88325996,3.644015456,18.75765081,-2.654577722,50.45916091
10,10.23444793,13.80548012,9.681670657,13.18129161,12.06789449,-1.47899128,9.659478858,13.35665491,10.6362703,10.64477869,6.913952291,5.523962504,4.168147007,12.48597712,7.732942366,6.287098835,3.447962758,7.722229306,5.486418365,4.372100799,4.446609421,2.253048169,6.091466454,1.340677288,4.026869028,6.508502066,10.85438718,2.262227859,4.277613713,3.146493575,5.284202879,3.30282822,5.354172099,6.418366013,5.836889778,0.395471991,5.875034799,3.780734751,2.856830896,17.96925247,7.082218515,5.22309791,4.491584146,5.745181579,2.48518673,4.485439019,3.415726248,7.499026628,1.413298316,4.553463268,5.313358618,2.758165416,14.48040158,6.212428552,3.046850494,3.216806031,6.931154396,5.187256415,4.83845359,7.502611703,4.947634755,5.735403308,-0.785969868,6.279929899,7.94980408,10.34173972,6.716290675,3.524441242,4.562545616,2.169017211,5.406213453,3.739589063,5.356693611,5.475644493,5.978139454,4.516716986,4.860410978,4.479499697,6.365148917,5.262961294,5.561073857,3.298248682,5.771212223,4.723205218,2.311356076,6.930696118,4.640811789,5.615667745,4.025109932,13.49081362,2.939580003,3.574112188,6.05312269,4.885526221,2.646048319,2.112385826,8.408329228,9.57398276,5.569768037,5.104456283,8.307784699,2.452746229,3.243287652,6.385294513,3.054598889,4.610318099,7.544057027,1.70020214,7.887075116,5.692796605,7.671982017,6.084857989,4.888595495,10.91477514,2.191553566,6.100437744,3.273453179,0.55163527,4.381643249,3.331204327,3.624752088,6.504960436,4.793128987,2.64730455,7.144250862,98.00720718,10.42816803,4.429309085,5.664792117,1.500283557,1.848638518,3.242963412,7.0535014,7.631033819,-1.302522197,4.942671952,4.665864345,11.38877109,10.61185459,5.542982228,3.634987659,-0.444532647,2.058353857,4.578843064,2.46751432,7.424714904,7.147627861,5.61875877,-0.772694163,6.340884618,55.31734184,17.16112897,5.702116449,3.447725676,2.184894275,2.276391042,4.094446657,1.701096596,0.838904556,6.961567166,7.025556719,2.338240412,3.835606442,7.680359217,3.642014047,4.214446252,0.413327392,-0.822313468,2.260526057,6.745139985,1.750640755,4.39513126,4.188297927,3.87497458,3.800490172,2.340959326,8.016832444,4.034672257,4.01398147,3.278429341,5.357458801,4.963794941,2.903206528,1.875786023,2.583881102,3.599026644,2.243221921,8.1670403,6.473676972,6.343129831,5.425451256,5.758893475,9.658518838,2.133051585,13.60909473,-11.55282015,51.09788318
11,8.369671673,8.433786783,3.537250938,7.327541669,6.42446303,-6.206374031,4.314723533,13.79124363,5.025132445,7.786250796,8.31263122,7.031553415,5.030376206,7.947787121,5.849216329,5.430163636,7.111649124,5.179893088,7.708042296,2.883039652,7.381138566,5.147626611,3.403882063,1.909918226,3.020182508,3.376326609,6.842655159,4.949832656,2.784844148,2.567001272,5.63826003,5.796139292,4.524972318,1.431668953,6.735829499,-5.48804512,2.250137876,5.9435613,6.264415372,11.2269888,1.066922294,3.540866546,6.500598032,2.869232285,5.544373812,4.65639354,4.214621798,7.646584957,0.488998791,2.323440823,3.770961784,5.210679815,13.3600012,8.444987062,0.617901841,6.54774813,8.04129145,3.469793666,4.852868536,5.297734831,10.02172118,2.690081164,7.24169229,4.507302556,3.856756657,4.400032559,4.431247071,5.072682682,2.543086539,3.055574657,7.013262798,1.374302014,3.757141282,5.223118206,6.154826561,3.626698661,2.957425963,2.712142401,2.578277089,5.868915657,5.304704663,1.451806152,6.389303684,7.085303925,3.153004571,8.249995901,3.119896145,5.622848376,4.462298144,16.55359207,3.033828209,3.677051035,6.966532208,5.100587354,3.638400945,4.00495868,4.906497272,7.510783692,4.521006464,4.528598736,6.442064995,-2.432269918,4.012766273,4.851286423,8.64355701,3.556772709,3.006768874,5.973769981,7.191335676,5.834962831,2.656522928,6.677439177,3.820313118,11.52031031,2.389172929,8.438971337,5.798289492,3.82718022,5.577213983,5.477203943,3.141450787,3.92847828,5.932767919,0.719277828,7.234695042,103.2705309,11.57734241,2.791699009,5.789479575,5.837347271,4.115496544,6.418807057,6.821681908,2.730718116,-4.221319787,5.98813945,1.674295912,6.823607227,13.99477634,6.440509641,4.168563503,1.022926396,-0.86384238,5.328381978,-2.192896576,4.372650892,11.16030945,2.753287163,2.557082202,8.372163018,62.96337499,16.33382421,2.371345742,6.515252159,5.546144473,1.127229273,6.222523726,5.013988272,4.706819029,4.040396899,2.945223976,-0.07966966,5.572030699,8.429072002,-1.57725529,3.702002452,3.059058858,2.195160705,0.359182103,3.448639214,-0.228529912,5.002557332,5.28452356,5.146106026,2.274910658,1.20233171,7.352240781,5.189606513,2.946063386,2.320414117,1.846730793,4.07064067,2.127752982,-0.294292834,2.598494977,4.244252421,3.456132391,1.662009412,4.001914784,6.051275543,1.905321243,4.440716564,5.973415298,7.998204455,9.485721597,-19.53254454,56.63834679
12,8.097476958,8.604471152,2.956577265,6.313589739,0.056075092,-16.51527743,4.475010252,0.55458501,4.441841609,3.53848836,4.558568818,2.17691875,5.829036129,8.047638355,6.22934617,1.925036241,0.959691035,3.138597125,-1.865057694,0.851568626,1.098843563,0.22015024,2.043909141,-0.176024737,0.759282185,5.009463946,3.558196529,2.384662913,3.624736882,0.586265459,2.105095976,1.983714456,1.625127719,0.21649555,1.5565736,-9.473835752,-2.837623564,-0.335031201,6.43001817,7.871513602,0.808450812,0.184062013,2.86455903,1.0390688,0.601480383,-2.359898095,-0.667559052,2.573461397,1.032103171,1.605016093,-1.667834352,1.703596332,7.648839352,3.470302452,-2.524799328,0.851680226,2.799189974,4.442035539,1.401616587,0.767477415,0.944449166,-2.102888712,5.06717245,-0.298342181,2.695902999,1.369669415,2.577847743,0.303402605,-1.840574569,2.11194312,1.974189532,0.72174487,2.788581059,-0.426857175,2.757883033,-0.892450455,-0.627954528,-2.569757651,2.355324901,-0.236747104,0.495558538,1.289948317,-0.317603604,3.023755477,3.804084713,2.832372623,1.693733908,0.753266862,0.527738109,9.127095364,-0.35261713,0.796711924,-0.579963158,0.673205842,-1.998474179,0.457247698,2.264998137,5.470324898,0.598783369,3.195131432,1.152607811,-13.32400845,-0.477974646,1.856249977,-0.845592001,5.734866945,0.946646618,1.237205439,1.784687273,-1.112490199,0.246976938,1.957101893,3.097856336,7.535778813,-0.586568746,0.974648686,0.417419915,-0.510764628,0.418485357,2.398495619,0.702155544,1.529465349,1.815394265,-3.078729238,2.478520872,102.2585326,7.432186644,3.289717502,3.841675098,-1.091116822,-1.127100669,0.960156356,0.729704414,-1.280898869,-10.13335968,2.801543162,-1.65319012,5.578822123,14.05456969,0.531873953,3.542092386,-0.335205889,1.378105048,2.898450239,-1.169626063,0.433551904,2.166357083,3.045308651,-1.703685767,3.946969479,63.89226695,12.26101663,1.537306141,1.449939651,2.873952339,-2.365514541,1.108976856,2.28839953,-0.470539354,3.280096298,2.563826862,-4.89185221,1.532891894,3.670947651,-5.299394913,1.673194465,-1.481327493,0.283623292,0.037602747,1.700507399,-0.35148292,1.15816942,2.174185449,2.304479398,-1.545864101,1.315141575,5.789715341,2.335789861,1.041066376,1.729870556,-0.789415986,0.068782992,1.956668828,-2.795901168,3.283856764,0.64133742,2.76641965,-4.093859572,-3.332115986,1.917038367,-3.909128488,-2.299154025,1.7857981,3.843679369,5.63862879,-27.67023622,56.80574633
13,2.932014444,4.379022705,-1.156224236,3.987670707,-0.379429247,-20.75448436,0.442870277,-2.679196804,-0.013222202,1.475887152,2.763403719,1.131209806,5.945575735,2.471974131,0.622096197,1.300911153,-0.085439153,-1.45013433,0.178453554,0.745025243,-3.286905372,1.584190706,-0.98688838,-0.395218379,-0.689832705,3.741245216,1.816249874,0.909151511,-0.038854047,0.670392249,-1.133536994,0.794961839,-2.294232912,-0.040843085,1.01313043,-14.22358367,-8.926074687,-0.587504759,4.862323572,0.437490743,-1.252173683,2.45175329,1.245226311,-0.24565154,0.118953651,1.827753611,2.998293754,3.111543865,0.62640313,0.594021655,2.336918197,-0.403436078,2.837264917,2.734065548,-3.997991606,-0.316791484,2.612662327,-0.587158003,3.226605025,3.372376337,1.626835886,3.225554836,0.189394492,1.402291473,-1.494956047,-6.559777032,-1.094906847,2.741492379,-3.779944687,1.325927354,-0.257836819,-0.582890973,3.088108033,0.426561112,-2.096129232,2.835489791,0.952535862,-7.314733368,1.403753943,3.240136334,1.098872813,0.711067851,2.346441929,1.645154655,2.918112341,-2.569487665,0.585504302,2.296332895,2.239555311,8.77567968,-0.98373075,-0.25390062,-1.381770005,1.875558777,-4.099876097,0.117856831,-2.026463668,3.297033145,-0.973069338,-0.539427995,0.550132368,-17.5529535,-0.734304733,-0.344925978,-0.190289338,-2.12260314,4.552366234,-0.092770354,-1.714383399,0.158315261,1.18921989,2.97884975,-2.118689872,1.145713119,-1.421498599,-1.402222028,-1.319394964,2.05950952,1.855874792,0.880622579,-2.423414592,1.602669501,1.906015722,-8.983866851,-2.20125077,107.9727368,2.719023172,1.843749377,-2.654016131,-0.377230781,1.127014361,2.617989871,3.444984059,2.513138149,-12.58174116,2.517802417,-5.149604377,-0.888390664,12.04165323,0.51193432,-0.958943198,-4.360596197,0.374497314,2.042131134,-4.89683095,1.191983651,0.559734236,0.700314774,-5.529111903,-2.672068006,68.99353202,7.085759547,1.743002234,2.034897009,-0.947821408,-1.886243633,0.275165815,0.563830883,0.533781851,0.414136516,0.469045121,-2.635486865,3.346135974,-0.120178029,-9.472998649,1.77326494,-4.16316925,-3.098798666,0.360588018,-1.247895699,1.066486896,-1.885998152,-0.625364199,-1.613608093,-5.932812745,3.937264246,1.034330155,-0.934748143,0.220601799,-0.240252068,-1.301541602,-0.92841293,0.209056826,-6.733211321,-0.379151365,2.512954571,3.677514094,-11.99357029,-9.837131102,2.268708055,-8.143984473,-7.28245018,-0.92502655,1.619101316,2.550483788,-32.14301597,61.03257132
14,2.143104801,5.164190044,-0.389257145,0.396505873,-4.240807427,-27.96835546,-5.210336312,-6.151124697,-1.347744847,2.801658577,-0.356404304,0.536137374,9.209807744,0.613484224,2.153740114,-0.136694317,2.12660182,0.578864762,0.707855491,0.27746117,2.529100534,0.890822105,2.165384103,-0.480949413,0.565736453,3.725565295,0.26608842,0.928174016,0.481566353,-1.609195919,0.199893066,0.823499363,-5.734245805,3.010948813,1.002124636,-15.92009801,-7.490316011,1.509454576,5.892062371,-0.315456288,-1.46588117,4.915055156,3.510763835,2.375921322,4.665717868,0.25000391,-3.128627704,3.587982575,-2.27016429,-0.721907841,-1.562565847,-0.195613256,0.17139485,0.073355496,-6.193872183,0.458267766,-1.494431639,3.024298016,-2.012452354,-0.079154985,-1.174970572,0.326634576,0.836342022,0.905072582,2.258411935,-14.19585019,1.599699662,-0.916747156,-5.581320903,2.81643686,2.660114274,-4.604009029,1.31057127,1.351951162,0.566199378,-1.939125298,2.636879924,-12.17279852,0.242382448,-1.870113953,2.839062099,-3.230837442,-1.511186475,0.143416839,-1.027324021,2.600480768,0.868494054,1.261387218,4.226076931,1.015671235,-2.566119197,2.52870042,3.899224813,2.564169815,-6.333358492,1.858955194,2.443739336,0.499244787,4.024894626,1.541162601,2.575728542,-26.86559824,-3.379680275,-0.975380797,-0.932214293,2.978992517,1.643457682,1.465053294,2.053362299,-0.941716184,0.29159993,-0.498167014,0.738014731,4.547743955,-2.005930871,0.299055817,0.865586402,1.544119762,0.754855764,2.877083458,2.977327774,-1.965101642,2.151082302,-10.12637767,2.676822816,117.3569878,-2.154980694,1.968541992,-0.637451308,1.397933647,1.171829966,-0.573116769,0.321216477,-1.45095093,-17.24504678,-0.358788146,-5.756191953,-0.341948428,15.20223112,-0.229322219,0.388849013,-3.463725088,1.843315613,-2.295163929,-2.413303674,-2.089622505,1.380596944,-1.226730541,-7.133186229,-0.515310844,74.86874897,1.869182151,0.854689602,-0.564918328,2.941793571,-2.462897,2.720985138,-0.559560089,0.654576263,-3.176959907,0.833761522,-1.900897493,1.683298822,1.004600452,-9.450470253,-0.145025785,-5.8021831,-4.452397785,2.799363959,-0.121387853,1.47850873,2.267506378,-1.837212246,1.863962618,-6.37811682,4.533689459,-2.472210966,0.881003171,-0.40383643,-0.808453257,1.149647491,-0.344434148,0.540179025,-8.25719692,-0.734701636,-1.054444046,4.161661547,-15.92400028,-10.20739003,-0.111200039,-10.82302257,-10.68417572,-1.846471459,6.261435386,-6.028951289,-37.03707815,63.72597934
15,-3.292416997,-1.642841072,-4.61702325,-3.040324601,-6.764705848,-30.43179432,-11.15914954,-8.36851678,-1.768491753,-4.373596516,2.157470725,-0.269995219,4.121664847,0.063284027,-0.403253859,-1.125418915,3.114452698,1.683046778,0.825140259,0.266370415,0.905022149,-8.32E-04,-1.716597794,-2.138257775,-2.054825697,3.021222489,-3.959181564,-0.358499179,2.597452381,-0.088402144,1.768381507,2.550686614,-8.403039675,3.756430376,-5.421718536,-19.77523429,-10.93932218,-2.90081326,2.45621022,-3.831397512,-0.974038431,-0.01984657,-0.704764711,-1.972289085,-0.398415041,-0.820066413,-1.972899475,1.352340136,-2.252393263,-1.605851118,-3.173717273,-4.42333104,-4.551907096,1.827131245,-6.595640068,-2.390771768,3.735713611,0.154269356,-1.899249979,1.577186721,1.074764821,-2.163396935,2.521483638,0.230754658,-1.087714476,-19.28658387,0.729042679,0.693950262,-6.870535879,-4.113153041,-0.909251311,-2.317929694,-0.488326275,-4.33673843,1.003273197,-0.334209254,3.528339818,-13.62647857,1.105898972,-1.100210491,2.192777717,-1.619909997,-3.765664977,-1.602673482,0.270596406,0.416614911,-6.622951098,-0.622304782,-0.767810065,-4.394688456,-2.319467157,-4.058370125,-0.601519012,1.014028704,-6.264710282,2.799418513,1.227769843,1.795575871,1.063328962,2.379512534,-0.245062019,-30.67960097,-2.184921307,-3.571514283,-0.595382616,-0.06451103,-0.687899318,1.489123189,0.421624181,4.044447327,-0.3169393,1.340196686,0.267210643,-4.94874039,-1.315588438,0.661240057,-0.994179482,2.625692559,0.479923518,0.869326559,7.183361577,-1.753965045,-1.775471737,-15.55173714,-1.635906917,119.1980158,-3.059880599,-0.890196013,-0.194296653,1.501215647,1.703693894,1.693126174,0.798402788,-1.958851072,-18.87120418,-1.534859974,-4.892723292,-3.193006815,12.53992569,-1.721760557,1.414592626,-5.336687757,0.404446072,2.579441084,-1.520738157,-3.0092672,-5.821438865,-3.445517992,-6.383402593,-2.370948676,76.30517084,-1.95331588,0.204169692,-2.02503374,-0.686966371,-0.937259355,-0.526808203,-2.42754671,-5.433386589,-8.378643518,0.423265915,1.81649993,-3.968230213,-2.475750414,-9.186245129,-1.520993821,-7.362558035,-0.203941773,2.175786033,-3.044993314,1.34951907,-0.026376368,-4.607656369,2.661906029,-8.923209166,8.525427825,-4.383070819,-0.973733288,2.395565806,3.088303707,-0.258031296,-3.559176206,-2.835251614,-8.981957106,-0.809233324,-0.643272325,2.186494837,-21.20783319,-15.15751338,-1.38748739,-12.83156325,-11.67705341,-7.412843196,-0.249329487,-4.004367497,-39.25576597,63.46901301
16,-7.379983914,-4.932401283,-0.323539529,0.162778266,-3.41223356,-28.9724276,-13.06647411,-4.71774704,-2.5056691,-2.79460046,-1.298498299,-7.08861942,6.073826702,-3.24750424,0.965733061,2.77665515,5.692887815,2.965705376,5.385391925,4.554751717,1.794059655,7.684434914,1.324036217,1.348980204,1.102617254,2.657481001,-5.245401864,2.215695353,5.570729399,3.179731829,2.841167888,-0.966963873,-9.926543089,8.640515989,2.414997203,-16.29686148,-7.020033436,4.083243423,1.130184708,-8.854779469,3.496090117,2.159545129,2.721971784,10.26252805,0.623364042,1.323376365,-4.445067823,-1.379730738,-4.677493116,2.755082916,-2.617644201,-0.785737634,-7.004717889,0.456372442,-4.644775121,0.428677795,0.528546711,-0.884031721,-2.738044421,0.394502034,-0.075260757,0.188375932,-1.938904023,7.180367691,1.788759467,-23.50418681,3.558558347,-1.61468132,-7.413625858,-0.871735465,-1.085575284,2.680826436,-1.281841969,-1.511427709,-1.693544902,6.265200866,4.3977296,-17.32839081,2.041370578,-0.773341053,3.837544045,-3.69098122,-6.250585246,-3.688388806,2.395765522,3.431705808,-4.608331338,-2.623592731,-2.248252838,-3.151592945,-0.607155705,4.240478936,1.338535628,-0.296802202,-6.164713231,1.886826216,6.203457433,-1.339358695,-0.190129683,2.946954799,-1.586992506,-37.96334189,-3.960050174,-2.862140599,3.413494733,2.445289842,-5.294778783,1.271363364,-3.543273329,2.457773215,1.909383491,-0.5103077,0.513455598,-0.696069177,0.273442378,-4.659606482,2.244844684,2.18186619,5.458334111,3.524000578,10.87699085,-2.684756104,-3.279857057,-16.43130157,0.843149399,121.886179,-7.213483167,-2.943381931,1.610100633,0.399904897,3.36061564,2.052406552,0.139429588,2.001899085,-20.76015817,1.736411425,-0.929946104,-3.330682837,7.126324521,3.345336581,-1.658970883,-3.033423236,1.746734005,3.211481083,5.964660845,-2.112502561,-6.124098134,-1.874268573,-2.840987076,-3.103917705,78.50040156,-8.174426644,3.7562359,-2.434414876,2.620132312,1.616531926,0.176385437,-0.782642828,-2.721532145,-5.382082931,-0.573360158,7.494128381,0.123865495,1.939103414,-7.603652321,1.49495062,-5.752326654,0.453420284,4.258745435,2.746543974,8.441205986,3.628982161,-2.681633055,4.883453913,-8.802917397,5.239553679,-7.754388369,-3.792710329,0.372381982,4.906363014,8.460026361,-0.468482487,0.425896202,-4.836824329,1.36317399,0.00471576,3.452905336,-19.29318428,-11.45157297,-4.533104992,-15.24085967,-13.93027918,-3.810221093,3.814954068,-0.87320278,-34.63678592,64.70534427
17,-9.750781338,-1.502970405,5.786542204,1.786675286,-0.312803872,-27.36955523,-11.06618012,-2.005980101,0.053365434,4.702499657,2.576131217,-1.97430256,4.215337015,-3.37605137,5.514016452,6.945893808,12.63615521,6.069332265,16.14373697,8.362783343,4.487412435,20.53606266,4.627813506,6.371165194,10.2128049,-0.536844519,-1.957406762,4.683540077,8.800209719,12.54085381,11.61393223,5.42399617,-9.872754347,30.08638188,3.65495884,-13.87500209,-4.581113265,14.9134343,0.582987109,-10.08808351,7.667734329,11.83233599,10.89125776,21.16362583,1.311760706,12.12807189,-1.066048211,-1.43534996,-3.516499758,8.109310645,-0.928281932,9.17669097,-4.707564633,0.994834253,6.759117705,2.940893516,7.426655655,6.154509951,1.699976998,1.555244964,-1.084155636,-1.113001462,0.014815571,18.34925488,16.27741716,-24.89757461,10.28376973,5.610652405,1.592886031,4.5505198,3.460173917,10.56957962,6.036677524,-3.293136404,0.029447471,11.66324843,8.492403839,-12.8738488,3.181638755,3.546854942,13.06166029,1.040362548,-6.523236364,-3.258990068,4.919844381,4.526375979,-6.668181693,1.304347213,-0.315682969,-3.782826853,7.066040398,7.978025921,4.83609421,7.724887838,-1.725417646,15.98729581,17.63447441,-1.909939434,0.655108955,11.41894349,-7.715080225,-35.44589027,-1.771097858,1.440208009,9.836449925,6.676673978,2.582779414,9.721573174,-2.649862034,3.095212674,6.263792977,-3.449775668,4.226506721,6.095149497,6.907725408,-0.44669894,4.160127601,9.282857083,7.790901386,10.84803029,29.28588628,-1.334626146,-2.088923139,-19.5570445,4.86119193,121.7136649,-5.785930302,3.266452484,3.588678912,1.758527046,7.12407642,2.737695764,-3.078572295,5.271221096,-19.94918606,5.511465116,11.22196994,-1.356109502,5.574739666,9.214010251,5.528724206,2.29480361,9.685321413,9.097257784,22.96162222,4.994053519,-1.882166357,2.619370493,10.03727879,-1.772040253,82.27848275,-13.79177242,7.828737071,0.277346352,3.935350635,7.234239048,2.139141528,1.41375093,2.618391725,-4.913685689,0.262325029,17.4317522,5.996130459,10.58905842,-0.649966598,4.900263935,-1.846012234,8.050082432,12.3143506,9.568361184,14.4200975,5.679833064,-0.660365737,17.2021284,-8.044042839,5.78592529,-2.244605335,1.034629177,7.297443825,22.11439604,13.06338881,6.793829324,5.697934635,-0.074048805,9.516693054,5.506184204,3.636209153,-11.70270499,-1.609558327,-1.969358974,-14.90757446,-12.03893001,4.707605771,12.83581513,2.860816631,-18.01383229,67.14809709
18,-6.268426665,8.402217328,28.05875397,5.703475941,20.01296999,-12.67543994,-5.144279335,16.54365983,11.74731627,19.81543627,14.19356421,8.164029313,7.457192049,3.813554588,20.74917008,23.94207723,25.97718481,10.59090882,37.53074964,24.6816365,14.55267653,42.91567619,16.66818932,17.33513305,26.43525508,1.663093071,8.237177382,14.39667732,24.76157921,28.73342852,27.78222489,20.52735027,-5.53495233,68.50562967,9.392478043,-4.637747322,12.03259704,39.90440906,0.53279267,-9.123654608,25.77889882,26.88310593,24.49926614,55.70252478,12.5811577,31.21249706,3.596116042,0.29348107,-0.837083993,23.3995326,6.694350472,38.07742949,10.59547665,10.19355031,20.71661607,13.92392556,23.18420427,15.03839874,9.496039881,11.71650407,6.158490324,4.882687088,10.03638617,49.77373175,42.83336475,-20.78296533,24.75869774,21.40031211,9.332142165,11.57032024,9.572059178,33.33554579,21.41387441,4.749263553,2.853961234,34.43142585,32.21317754,-8.701308831,12.77451596,13.26862587,29.38855419,9.19517432,2.389024326,0.874085829,20.56386964,15.02607846,2.833121928,17.09593663,9.397804386,-1.548997781,21.94430352,18.92632547,18.69674895,16.23563891,19.84486348,38.69013641,34.95747378,10.8189291,18.25232979,27.58030309,-5.394780175,-22.96238556,4.118009486,10.5484574,28.91507862,15.48794822,15.78084741,21.864877,3.654049109,16.11090727,28.58717596,-1.222000077,14.98356142,28.98721992,22.25239523,4.208185732,15.92672699,30.49971959,26.10606171,29.00996167,66.08887485,-0.151048693,1.793024615,-16.96535478,18.68043604,127.264421,-4.032381025,4.878545302,8.047704294,4.67594694,25.99813194,11.39957995,3.907107978,18.20219855,-2.497983177,8.533893004,47.34197199,8.697717866,5.779061689,25.61730815,18.90842486,21.31025471,20.75640879,22.93674945,52.55001447,18.14167414,7.415076976,16.91787364,44.1810452,5.44984031,84.31504843,-8.587686548,14.0476322,14.76407921,14.59570646,28.00395118,13.04856135,7.111959086,11.90033363,2.537687382,7.989475073,45.01183646,8.102260235,39.45835952,19.88306996,18.74636894,15.30464326,22.62979491,28.84332126,23.65387639,35.07454704,19.1342416,9.379526132,40.25131873,3.039660208,3.085848762,4.02445691,9.278337902,16.96738321,51.09462845,31.50667768,14.53663633,18.12126176,16.3119575,20.36002632,15.91794179,11.03121017,4.737722667,28.55794016,10.75020085,-13.74370382,-6.085027717,23.27268629,25.82942434,14.60673105,21.14717415,68.12108302
19,-1.812354157,11.01711533,66.27947663,22.16734755,51.04253266,20.72691493,5.115371113,42.75641707,34.74690341,50.9910766,28.29884409,19.26158798,5.348255224,12.72493005,51.62118841,46.17272324,51.17108346,29.86039864,81.27217478,49.52879978,33.89746556,84.69375941,37.69916566,41.89732417,62.47877932,-2.317504239,28.99860166,28.22198489,45.10852349,54.44906322,59.35232894,42.33068598,3.066656436,135.5014088,20.66770923,17.83538316,42.00263903,78.54175292,-2.146036664,-0.190122234,54.81381012,52.58694588,57.52359543,111.1828159,24.59394558,65.89870217,13.96778969,-4.550454438,5.599619887,46.08576197,22.92236137,78.62925385,39.37649651,24.23420452,51.35391378,33.37726949,48.4829924,36.06120015,26.22151493,28.38087911,13.55763651,20.6337559,19.45013008,107.6414785,81.4058072,-10.28780642,56.85965221,49.95539655,36.3759018,25.07748346,21.89389934,68.07086929,47.99771588,9.928366785,17.13389598,73.64721917,71.52683608,16.28709828,24.22294142,26.72343058,66.70493734,28.45646802,9.724008991,11.38339254,40.21945903,33.15032429,16.31583726,31.65715077,23.6800076,8.78517602,47.64904546,37.60426335,44.08277292,35.24016813,48.76146588,79.79646141,78.80849823,22.11715007,40.33868536,60.46888485,-3.468103009,-0.437697141,16.43957493,26.67049051,62.34938944,39.64457482,34.63162385,42.62238494,13.79693316,36.69724144,60.84094764,5.911926148,29.77086999,70.38134014,51.49258495,21.37380383,40.14129432,54.4277898,54.73437864,57.46584066,127.2918891,8.048544417,13.75922377,-10.69152123,35.13037764,126.1862655,10.84918296,17.29925463,18.98813729,13.38899986,55.70306844,21.98235273,14.79655363,36.54440899,17.48907308,18.95911533,107.5095036,31.13471477,2.090080781,54.87422555,37.92355665,46.40396104,38.16006678,45.42365243,110.5757132,46.66716299,25.58169735,36.54226318,92.45848151,24.29794832,82.79376285,3.63327699,40.10143345,32.27371506,31.8606456,67.79141452,20.53514445,18.27853693,24.02898771,13.46477078,16.82950527,84.38225185,27.07543102,84.20252422,60.11725141,47.95730427,40.85031209,52.34455026,64.51355703,50.6736606,66.50165671,35.78231965,28.70146431,77.81864467,20.93215537,5.585622528,23.29312843,25.72359711,38.63565756,100.7223526,61.92335527,30.20430168,38.8172078,50.51766179,49.25496174,35.54930854,24.5121626,47.35032545,75.09039292,29.16570437,-3.442220951,11.53183806,54.67547212,52.51713432,36.38191901,84.34500608,69.68766796
20,20.40924092,36.43117163,147.2284315,56.8588809,115.22763,88.95141557,37.0759434,113.2040659,88.60241896,115.7010312,67.03785004,56.27150663,7.11129071,46.59147264,116.521473,110.154398,112.2545964,67.11378846,170.8780179,106.697807,74.29205688,175.6598568,85.49218398,96.22288985,130.0204571,-0.275137366,79.9221648,71.96571092,103.3966985,110.5531971,126.8431002,101.2910923,29.25077719,272.295248,47.12815219,74.0000843,106.5659035,176.8028852,0.711083539,19.83036629,125.4090973,112.39559,117.129358,236.8436157,64.76658108,149.2011434,42.82653975,8.316540491,29.72050077,107.7941425,56.69581065,176.6915993,106.1288619,55.36867268,112.3214525,81.0809573,105.3765396,81.86963096,68.44239248,56.45849216,43.47340284,51.30585003,51.69814282,222.3910007,171.5053225,25.64256929,110.3007764,116.7346612,92.91797414,61.84426921,53.40890418,151.285425,112.1951185,38.72930227,43.03156416,161.6313823,155.486523,64.05683779,62.04259539,68.35638402,133.119202,63.61242599,39.30853348,32.09250022,94.79511028,82.44952239,49.39487164,81.48314525,70.60913206,40.59047394,107.7064645,90.55032691,97.89760477,80.77717288,121.7675832,164.6504387,168.2922078,55.89599635,86.22677171,133.931773,7.009037908,62.9785951,41.3811617,63.12740709,122.6463914,81.79292486,78.81893839,87.94966801,37.61944667,86.92828719,131.9938075,25.18288869,69.57442914,168.8162861,118.0261588,52.99706775,89.45657569,114.9305636,118.0054701,136.1707871,260.2155099,35.31002216,39.14429239,11.11340097,90.43002252,134.9652859,36.91623111,48.26905593,45.87683579,36.71978432,119.5373672,53.47010835,49.08876953,85.77053872,73.21843778,47.49795536,230.5254671,73.54344526,-1.848119255,115.3066257,84.44151609,109.7419061,78.07976767,102.7514048,230.2870092,109.1706053,62.11357035,87.60577935,197.8991677,57.77710865,89.48551285,29.39824259,87.35257159,82.04943696,70.16274368,138.1510077,47.25918084,47.07894432,59.06616036,52.75826748,47.61682263,174.5775731,67.04574397,182.1937712,134.0285974,105.2011604,95.84260298,110.4047148,128.96048,112.7050406,134.7481526,78.0106289,61.10028468,155.7378507,70.46976709,5.215906509,68.45677236,65.04608806,79.29762751,202.3009769,122.7287322,66.33410322,79.35597446,118.3097855,104.6261566,81.27246945,57.12774164,133.8981981,186.4466154,85.25660571,24.25842163,46.40616682,130.7427979,115.8737855,86.15836268,226.2948901,73.81932568
21,58.2064253,77.89454247,285.9750205,118.03928,236.1922491,208.6505459,91.65533857,215.5515786,181.4026046,231.2131645,129.5428305,112.4248709,3.537756135,95.94400803,223.1601021,201.0617241,211.5261735,124.9978818,308.4603926,201.8225378,139.4305074,322.7878328,159.5973741,181.8517756,241.9121598,-1.867158537,160.8551196,133.6648676,197.3830607,201.7247309,233.4181316,190.72667,65.45616525,473.6699653,95.22909729,159.5252529,210.5498856,327.9019963,-2.325661131,60.99151507,238.0937716,210.5699764,214.6525038,432.1608442,128.8390702,279.8623499,93.07217381,22.58906178,60.06590392,205.4852955,122.2156687,323.9868341,214.9270482,107.7067224,218.7494216,158.7510716,201.8077044,158.713247,143.2993182,113.9074376,84.40982534,103.1138656,91.9806239,403.9339635,310.9135606,80.16989134,211.8795752,214.1885064,185.8530043,116.4987995,105.7914394,282.3636046,213.092322,70.64898229,87.39883054,288.1301067,285.602419,149.0066053,115.6968536,127.8889741,249.2637999,126.8420077,78.12654052,70.64424863,177.1157243,159.1109422,100.4394137,165.2856474,136.0339362,90.74725959,203.1755927,180.4408782,185.2048547,165.4851247,233.524799,301.7073749,312.1105923,106.7739753,163.584819,245.4897479,25.73413205,168.8009261,85.57999922,127.885816,239.5911897,157.4342367,157.9302712,162.4725549,78.11879069,171.9472984,243.6130358,48.10142929,130.9278051,324.0916046,220.9827927,104.3748577,163.4722273,210.698109,222.9828056,252.5107137,465.6337508,77.98225586,82.68924318,51.32901304,172.2439397,128.9106451,85.97095488,95.61373455,89.26214871,71.03941172,222.3368842,101.281338,96.70497136,163.9052083,170.2248418,94.04217332,426.0452191,152.3805055,-6.103220622,217.6963134,161.3486074,210.5954497,144.4395497,192.0211509,416.8960254,207.7942592,127.4998339,170.0163169,371.7345886,117.385292,89.9720705,78.8627228,163.4734974,164.0194191,131.3407923,264.4687127,86.15223227,86.72155171,116.6940915,113.5621774,90.4648089,318.5048552,125.4498001,344.3737536,261.3748674,202.1491618,186.8945746,209.9926066,230.7857461,206.131411,239.8107448,142.6368383,124.7926889,293.3973723,144.5948576,3.992637241,142.0959411,132.4035253,155.9520847,365.5900179,226.5082004,127.6875034,150.3075438,241.623745,202.2823983,156.8333575,110.3865394,285.5254347,365.468341,173.8986806,66.41740823,110.6429199,249.8243136,213.5967785,171.936865,446.5886475,72.08264537
22,128.3839546,165.9567262,538.5066063,243.411255,447.3729711,422.2837037,197.7584988,411.4676683,349.83575,444.5089924,253.0375399,231.1813385,3.514166421,200.161311,425.602942,379.3693447,401.1044118,247.1094312,567.4171216,382.8471908,269.3024367,586.2228054,310.6614122,342.9132232,451.8200233,-2.03130124,322.102308,262.2928451,372.415553,377.1980264,435.2877364,365.784662,143.5941273,820.4641274,184.5267829,331.8401087,412.8421525,603.5722914,0.99900541,145.2825582,447.8052198,394.2031144,397.92746,768.5433022,250.4914113,526.4754838,186.9210803,53.6586875,128.5078992,388.8281691,235.8394338,587.026006,428.2148473,213.0221184,411.5176315,302.2447753,381.5055366,304.862576,281.9018816,222.0108278,173.894794,203.9067837,187.9075699,716.7122784,559.0629696,207.9286429,391.1799373,416.1379932,362.0589421,231.7192299,214.8406929,526.8038276,406.9247029,149.8856426,178.5637495,532.6777244,524.2965953,319.2992867,223.5445885,250.0825614,461.1791863,251.2314192,161.1767525,151.7053428,339.9949492,309.5485543,212.1656417,324.3138993,269.4297314,196.59169,382.3592607,342.2861605,354.0259436,313.5593849,451.135053,545.9011502,570.0457001,217.2290512,314.5261985,461.9703594,69.70431138,374.4156446,177.0637651,250.5998073,448.7430355,303.7836986,307.0407908,309.8256803,162.5215592,338.2274373,464.2654373,101.1415832,256.0537729,604.792933,419.7979902,208.0332438,319.7986614,393.2038568,422.2614295,479.6690061,809.1109042,160.673598,162.9445578,136.0931341,327.5313772,136.5217472,184.0103497,184.0258197,180.2350654,144.8719362,420.0443376,199.4816654,195.6601969,315.7996192,351.6117951,180.5719825,774.1339642,297.5468901,-8.080492292,407.8262555,308.6295529,402.603371,271.0817417,360.9627427,744.9987056,395.9537493,246.9801629,322.55786,672.4561302,230.2287868,93.745412,181.1610582,310.6778952,315.8249882,257.0245253,499.5327598,165.622671,180.3464997,225.2801573,229.2584873,178.4571071,582.4040665,251.8030342,628.008625,497.3224715,383.3085652,373.8803599,396.0885147,430.0597636,392.2692116,446.2190773,279.0326054,246.4023613,534.6147009,292.6228897,5.581641703,288.1863342,267.2803726,301.5780603,655.9010029,423.6644879,236.0420321,286.6277392,452.8248645,370.6074493,303.067156,220.0104668,552.9971149,683.0284916,348.0393326,168.1452944,234.3154074,477.6276974,395.6585763,336.3728488,838.3885145,75.29684653
23,267.1676333,320.1700896,917.1768166,453.3403451,784.5296302,769.1056521,377.7753927,709.3449366,623.6877788,780.8714845,453.86059,424.1556009,3.243839673,377.2541968,745.5586073,660.1355393,706.8780577,442.8003558,952.2253443,671.0942081,470.2320513,982.6846524,551.6060103,605.0796516,775.29812,0.254687782,585.0098372,479.5104666,657.7250186,661.6567432,759.2609768,655.4151435,279.269146,1270.022247,340.0081071,606.0405298,732.5382427,1015.706106,4.378173044,288.7614616,773.2990181,679.2473173,685.4762536,1249.841345,455.4291642,901.3605431,350.6966822,112.3458887,244.7456929,681.0514601,436.1850547,941.9578763,764.6077606,392.2615841,726.2008442,540.8323421,683.2776123,553.4283775,520.2361988,405.5080063,326.3026168,374.261475,347.7385673,1180.944226,900.7771685,422.4511325,683.6454764,738.6004461,647.8811885,425.9940672,402.440542,904.3988108,714.9048483,290.6095991,335.3243055,918.8740792,896.7458202,582.9354948,410.0936961,455.0152205,801.6409136,465.0768164,300.112526,292.3573106,610.0496634,560.6993506,401.3394577,586.468875,496.8109013,386.9303956,677.9836652,620.4808418,633.185552,561.7554693,791.0216492,901.7624625,955.9330375,397.5530993,564.5221585,802.6308159,141.4543277,704.8784072,332.6432372,462.2777175,779.5294583,550.0381108,547.0846313,565.7457112,305.9312822,610.5111654,805.6341785,196.7789179,471.0976937,1027.521969,737.0980211,388.4166742,571.8003609,690.0195629,737.5982105,828.0551803,1288.096267,303.038394,307.4118274,277.8275243,585.2933853,141.8628126,361.6751758,353.1621555,329.4269061,276.4885932,736.2803001,367.6557605,361.9007031,569.0756245,648.271315,332.5627572,1277.806907,539.853535,-6.764803039,722.9645137,558.8782838,703.9312869,484.2425778,635.2130228,1233.82572,700.1624712,451.7042102,579.587966,1117.605699,422.6709142,94.68199641,356.158421,551.9042298,575.7230967,473.6759413,873.9905483,302.8566757,329.6058196,406.1071779,426.0884671,330.7620878,981.7121638,447.904481,1063.30528,864.7070449,683.4005099,678.1484163,699.1363737,754.9496216,684.0669683,768.1535549,498.8590852,452.8715297,910.960196,542.4964227,7.102302855,535.896299,490.2009355,544.3685111,1120.899182,741.1425762,431.0550453,512.0106999,810.6044192,658.2259951,550.1712021,403.6699417,966.7936855,1191.20885,626.8675628,331.1705488,452.2636904,836.8925319,690.3213347,619.5954632,1383.872223,78.59564992
24,471.3744748,557.3044688,1379.138283,763.7278749,1252.446305,1228.333291,648.5012359,1117.464953,1028.5173,1260.715689,752.6227896,718.038099,3.20378631,639.1300032,1196.526505,1075.130292,1151.991299,740.3287413,1413.045478,1097.273359,761.6804266,1458.61122,895.2572343,984.5864016,1204.288505,9.462480695,957.8519661,794.6749289,1077.849337,1096.976487,1216.451617,1101.415094,490.4609932,1690.179037,572.9111571,1030.118893,1177.045967,1506.674862,12.21494303,516.0329731,1211.07492,1096.814275,1110.832769,1726.919066,751.9076323,1396.115166,597.8013102,204.662277,424.9154917,1091.703457,730.788601,1307.260227,1233.803931,654.5031577,1165.880495,877.9750037,1148.804332,908.1212558,862.4011402,676.7521878,558.7163586,638.4838444,597.7008977,1646.497244,1258.828317,730.9668887,1103.883581,1197.457927,1093.090215,715.0790627,682.8245818,1381.057028,1131.384106,503.7638378,573.6736371,1403.63177,1355.335554,946.2863732,683.3448273,766.5820051,1281.899248,788.193787,529.015069,512.4828156,1016.428625,937.5620454,685.8362945,962.2019606,820.0037132,670.9993696,1111.013714,1064.287932,1064.331454,928.0872359,1251.995405,1305.668172,1423.633525,678.5243072,924.2691499,1266.624214,262.4706158,1166.470753,573.6507704,784.0940421,1242.527699,914.9395235,906.2349251,936.732299,528.1336619,1037.470171,1301.456113,350.9847352,792.3005021,1519.2366,1190.687315,665.0515363,935.5375447,1156.494847,1196.943556,1320.980929,1751.799058,544.7392797,528.0624901,495.3976712,952.6635845,136.2555514,634.7707182,610.1941345,573.7171253,480.7569616,1215.473557,625.020312,627.9003802,930.0775084,1116.322105,565.9152895,1785.003262,892.0629549,-9.840523095,1185.177856,922.4915078,1160.809621,813.7587839,1062.799949,1728.005436,1142.174497,758.7594796,954.3369399,1570.262882,708.2963622,95.2319861,628.0066084,893.194731,965.2188232,790.8105595,1407.088083,510.6476584,564.7751314,681.6495604,717.6426269,576.4202064,1480.016363,755.0146231,1514.257812,1353.295958,1136.805829,1167.904481,1158.078861,1207.751575,1125.318947,1218.897352,825.4967687,765.2927939,1386.037681,878.6813126,2.40054643,887.4518085,825.6757222,899.4479933,1622.232234,1228.400853,718.6989433,848.7648516,1330.849808,1104.339733,912.3758126,679.4693257,1474.836849,1729.697547,1081.62761,597.2020074,780.8040992,1342.195923,1159.95337,1094.615128,1917.636148,75.94459066
25,800.4753638,916.8451911,1818.02905,1237.722372,1727.132334,1689.710956,1080.119228,1535.490789,1468.352708,1759.586018,1204.090945,1182.880151,0.658230824,1056.279432,1668.366212,1517.205859,1625.25263,1196.499808,1845.421364,1553.237212,1168.632874,1914.596456,1359.225071,1393.241166,1634.335842,18.14489576,1454.050319,1254.806251,1527.308706,1568.479033,1692.770736,1589.775419,815.8518504,2041.222992,966.6902328,1490.381825,1634.999382,1973.688859,23.10722126,867.883205,1649.029552,1530.8618,1558.878654,2157.688378,1196.449619,1887.223183,978.3873078,375.0813328,709.3073452,1521.251362,1160.233706,1638.52156,1713.445246,1080.181809,1619.136977,1351.386262,1663.161258,1415.473923,1365.212809,1100.071042,919.6842289,1069.267568,1020.820886,2076.180792,1590.784213,1185.78618,1544.185132,1679.555141,1584.964651,1174.970762,1143.988747,1852.885321,1559.681479,837.3221582,979.9963403,1878.650584,1796.074986,1374.801225,1126.718345,1250.990924,1781.336529,1277.072813,882.6870104,863.6377065,1465.256888,1479.165563,1145.962658,1490.450999,1298.990363,1141.932051,1569.943389,1566.097125,1545.20328,1440.250969,1716.676834,1679.9933,1868.182716,1129.000537,1423.951758,1738.015663,464.8883591,1637.867879,983.9137746,1288.924399,1720.336273,1450.528318,1417.105589,1477.473048,885.8817051,1513.099739,1817.020175,607.8550033,1294.873034,1982.754093,1662.957857,1135.375464,1433.912461,1669.549952,1679.01888,1827.034524,2161.636445,915.3039734,878.3982095,835.9210665,1430.636012,139.562759,1107.443348,1043.098877,949.7525807,813.1254937,1722.700282,1062.840458,1075.148749,1421.736497,1629.119573,985.2074818,2249.616106,1386.369519,-14.73300341,1674.16738,1438.144476,1642.323632,1314.662379,1529.74426,2178.095148,1610.966329,1236.475711,1462.894912,1992.130755,1146.038005,101.3789152,1077.254406,1352.322025,1507.297204,1300.468726,1955.115988,823.8386137,970.8417458,1128.541218,1169.394316,996.3789561,1959.253335,1234.675432,1941.271325,1832.647519,1630.689327,1716.701631,1651.75861,1678.34352,1592.894311,1681.951711,1307.819052,1226.468156,1844.64468,1328.817496,5.662667964,1364.911557,1312.006882,1422.301616,2122.122913,1758.238262,1194.797868,1321.304407,1882.737552,1592.160071,1437.33238,1110.322948,1953.011641,2256.076505,1585.140533,1047.718683,1300.106778,1862.547641,1675.360736,1648.85944,2385.123148,77.97897483
26,1264.896838,1421.644414,2185.40716,1721.181657,2156.686972,2096.154459,1540.613749,1912.423272,1896.829087,2219.201074,1660.60204,1670.770534,-1.117902942,1493.913347,2111.446926,1940.005795,2079.244504,1662.842013,2197.108189,1994.425059,1559.874268,2300.969207,1796.639403,1792.814125,2014.036862,41.37247216,1918.506794,1708.223704,1962.42214,2031.418733,2138.093195,2077.03802,1294.407897,2292.814504,1397.723213,1939.064112,2054.487946,2369.493121,43.20301889,1355.067133,2039.428163,1926.160399,1982.888845,2486.465684,1647.722428,2318.251462,1368.793154,643.0064148,1128.050614,1928.726289,1596.419307,1901.941388,2153.064852,1527.767117,2041.82667,1808.254273,2178.899111,1906.97434,1863.564126,1537.477628,1416.090868,1533.53641,1492.182055,2411.899953,1864.270997,1630.27912,1961.071007,2133.148877,2077.630648,1660.605241,1644.329635,2269.758756,1958.969683,1310.48097,1433.736353,2292.183514,2168.217256,1757.990789,1588.969272,1750.769014,2250.076387,1774.34354,1420.264524,1371.62099,1918.92874,2016.822233,1628.024078,1995.484253,1772.308677,1640.751473,2010.176161,2085.325215,2031.297006,1935.849707,2133.621652,1983.636878,2240.619749,1609.849703,1910.353746,2163.591512,791.4215923,2071.269164,1437.424958,1810.639934,2162.470226,1982.355899,1918.708057,2014.185991,1392.984924,2002.245821,2301.302078,1033.70845,1816.072796,2367.297814,2099.624306,1657.412505,1910.749681,2182.507072,2131.742815,2292.325836,2477.439787,1443.586968,1385.301521,1301.028272,1879.722331,141.9930078,1630.326666,1522.154066,1491.0964,1309.576137,2212.154007,1549.795548,1573.490286,1891.039229,2140.772226,1472.572736,2603.239731,1864.989402,-16.3804031,2138.785108,1939.492884,2102.727993,1835.648242,1994.806991,2505.61577,2060.586886,1728.410778,1953.064193,2319.548463,1597.326574,99.35251647,1569.335291,1782.854676,2034.088514,1827.729584,2457.065677,1278.548823,1434.93962,1601.054278,1639.655265,1472.453248,2364.00546,1725.497328,2274.649492,2245.689605,2117.597986,2271.787167,2134.600005,2113.904107,2044.029128,2108.221321,1791.372147,1699.70272,2234.600443,1755.141155,2.236268391,1815.631371,1799.803557,1940.092988,2536.350395,2279.870447,1716.977421,1790.105905,2410.350408,2080.328813,1955.271058,1564.922787,2348.762659,2677.460934,2096.076685,1557.69227,1847.240627,2343.562849,2190.837454,2254.280556,2724.217415,77.61259801
27,1717.525559,1897.223073,2446.202002,2161.276732,2472.552439,2382.516623,1985.232268,2176.577788,2233.276571,2558.967907,2078.098866,2132.072357,1.378882829,1910.4646,2454.452576,2259.963818,2430.350826,2083.542149,2433.471274,2341.483818,1886.187097,2580.226785,2157.228505,2111.464571,2287.096524,84.53500688,2300.663179,2108.055802,2302.41962,2399.934063,2480.678122,2467.014256,1773.940167,2451.28822,1834.699728,2290.907633,2363.77989,2651.734934,90.48357676,1819.360057,2323.386308,2205.708623,2302.78134,2701.177646,2061.378999,2627.258032,1735.199481,1057.627351,1554.158063,2243.876299,1996.724602,2086.16925,2482.761657,1954.502198,2364.911727,2196.005288,2600.670595,2327.648435,2305.036253,1945.882339,1894.869249,1992.529492,1975.847615,2638.822945,2060.051472,2021.140632,2282.150632,2475.253159,2476.824103,2127.716456,2141.255178,2584.8995,2262.826027,1770.309744,1906.617683,2595.400725,2427.016364,2054.865972,2025.434723,2217.577329,2614.05515,2231.010223,1963.895482,1877.153464,2293.933994,2500.753554,2090.929938,2428.364794,2196.646847,2123.484306,2354.563919,2520.313773,2431.122233,2359.098632,2440.908604,2190.192399,2500.020174,2081.817797,2338.197193,2476.852735,1259.856692,2400.546627,1905.093537,2300.069406,2494.380726,2455.748812,2358.333022,2490.277034,1894.851981,2412.528407,2673.071731,1514.469133,2304.415379,2639.512978,2426.528819,2194.092608,2315.417098,2596.854274,2477.204378,2637.198711,2689.448402,1958.828371,1885.206251,1746.682852,2249.213126,143.6880894,2164.322796,2014.080284,2021.992315,1816.095071,2596.914999,2050.881275,2091.470097,2287.315106,2558.584835,2003.069295,2830.096582,2277.904398,-13.70167478,2499.258001,2374.880654,2457.663056,2329.030565,2368.1671,2691.38005,2417.540984,2185.475316,2378.330321,2536.145718,2016.007267,102.8259825,2065.860864,2141.920629,2490.681137,2326.80694,2831.330873,1732.902742,1932.669078,2056.240587,2081.852505,1974.291267,2644.914672,2173.941101,2485.049661,2534.223049,2506.21366,2715.819813,2517.963396,2439.940992,2400.504925,2430.22125,2222.415642,2142.065761,2505.2977,2117.399894,0.235670845,2189.395761,2237.041063,2395.156668,2823.052406,2696.008058,2244.101449,2210.75577,2825.498946,2479.577064,2417.867039,2000.655944,2618.450227,2955.872689,2519.187491,2094.307847,2371.922709,2703.8382,2603.3036,2800.565588,2928.860186,79.60662377
28,2106.622469,2279.191258,2605.263557,2471.760951,2662.375339,2538.047699,2319.517954,2313.071468,2438.413585,2754.100782,2382.451797,2474.223527,-1.03564399,2223.174729,2671.100202,2445.455939,2648.445038,2373.121297,2564.053508,2561.239084,2085.083114,2755.342406,2388.81675,2316.275848,2446.551088,156.6566341,2544.993674,2388.41321,2517.047979,2633.88517,2696.954061,2710.425646,2196.080752,2541.55417,2195.173315,2505.543702,2543.894377,2829.899188,165.2405235,2204.608115,2492.642828,2347.435846,2492.330395,2823.608992,2363.94426,2807.098409,2015.171604,1493.772502,1942.662759,2446.983092,2295.154237,2200.623432,2685.208145,2272.850896,2570.929385,2451.663007,2875.921351,2606.418192,2612.731284,2243.485754,2302.100661,2352.005988,2369.078631,2774.653211,2184.59327,2299.689577,2481.28875,2682.214913,2730.512704,2483.182697,2534.771829,2786.296327,2457.66346,2158.805491,2298.955021,2781.799316,2576.480402,2239.802489,2354.033076,2562.712721,2847.067953,2570.726718,2445.969057,2326.351032,2544.741341,2850.203488,2435.59809,2727.72451,2504.503236,2494.518407,2574.68788,2806.961519,2687.550996,2646.871755,2622.979403,2311.052511,2656.017951,2452.571788,2644.893973,2660.156062,1725.293847,2611.112097,2293.490276,2659.661351,2695.199031,2790.942791,2660.663239,2827.858046,2330.002376,2689.755834,2905.014915,2014.541499,2662.6881,2806.520746,2616.389542,2630.747995,2585.843895,2855.927663,2682.724278,2840.042924,2822.004728,2395.905088,2323.19736,2122.69333,2491.602207,147.0126648,2594.674132,2413.05158,2475.193235,2277.709107,2846.045669,2461.558028,2522.834741,2553.815041,2827.465747,2459.613498,2952.894302,2555.688235,-8.016921783,2723.054541,2674.29745,2674.130342,2701.338378,2603.467433,2765.224198,2651.191383,2520.670891,2675.471613,2661.017001,2317.476775,104.5495407,2463.113091,2379.496996,2803.990904,2705.053245,3048.652219,2130.892202,2360.587487,2403.156947,2417.297695,2395.493802,2804.807777,2486.29828,2595.157969,2695.214699,2747.803225,2976.060396,2758.472582,2630.370331,2628.494032,2631.027704,2517.747237,2474.67211,2658.595389,2378.076463,0.220718083,2429.327598,2542.94196,2713.666257,2991.876541,2956.703087,2668.424953,2509.390486,3085.2763,2747.547613,2752.900584,2333.847219,2771.737398,3105.878437,2795.556516,2552.455124,2770.905516,2921.198939,2851.085105,3194.305758,3035.640897,81.03790905
29,2374.99554,2522.589407,2694.025104,2638.538338,2756.467307,2601.736327,2505.77406,2356.761873,2537.148552,2840.268931,2563.324329,2665.087795,1.798580158,2404.495062,2791.47084,2519.491046,2757.682005,2510.487374,2627.527171,2674.407573,2158.823424,2859.562458,2502.598011,2425.138218,2524.544507,287.4152561,2666.904823,2549.149692,2627.912156,2754.327498,2816.080965,2824.101404,2485.054812,2588.704125,2434.603275,2604.382088,2628.478866,2934.005197,294.9103164,2452.346744,2579.380236,2390.892375,2577.145593,2885.546344,2541.775653,2896.010765,2195.396792,1910.976988,2228.544461,2559.93254,2479.722392,2264.962854,2792.958447,2451.629862,2684.310458,2580.084701,3024.270955,2745.911394,2779.191808,2409.155598,2588.096938,2571.90587,2618.154233,2853.39624,2259.462034,2460.132429,2586.192135,2786.073341,2855.920101,2693.981577,2784.22255,2907.056131,2563.783036,2417.341981,2561.094888,2889.817599,2654.720085,2335.425295,2544.843202,2762.48954,2977.822071,2774.587359,2766.247996,2649.729606,2685.33501,3061.278055,2635.176167,2900.856705,2692.482844,2722.617078,2692.413275,2955.264874,2817.291765,2797.360505,2714.946672,2375.652672,2743.05441,2685.648424,2835.234257,2748.059176,2131.813375,2727.487558,2551.970226,2864.632374,2796.657054,2981.18675,2825.988497,3021.792339,2624.350038,2840.844529,3027.083675,2431.979784,2869.632088,2903.153703,2704.28461,2901.685739,2727.271115,2980.050563,2779.879189,2934.188658,2899.277797,2686.967599,2626.85644,2385.093856,2616.418439,152.4898039,2861.046137,2669.083966,2771.209538,2611.483803,2979.093301,2720.437987,2802.546508,2697.202676,2965.705521,2755.566564,3014.115925,2701.030107,7.196211394,2838.832651,2838.641794,2777.732824,2930.125894,2714.439464,2786.491505,2784.357037,2705.616699,2850.950095,2727.632366,2474.774367,107.913424,2710.557448,2508.358119,2977.776188,2932.310826,3151.863865,2398.438647,2652.67635,2604.908595,2620.730636,2673.7221,2886.106777,2640.388124,2642.441761,2769.414795,2861.818498,3075.424718,2877.079571,2716.99856,2746.286278,2740.770636,2665.129407,2680.581313,2730.853984,2545.314692,1.656521213,2547.067094,2707.107129,2885.556854,3081.93234,3087.725638,2928.656153,2683.673924,3219.234816,2899.366201,2952.688694,2530.987639,2845.667992,3173.677973,2932.284126,2858.250026,3003.602187,3027.564473,2951.884313,3422.528163,3081.872629,80.42524949
30,2525.301461,2640.068343,2736.678719,2701.300854,2794.675577,2615.522231,2573.885201,2354.712871,2569.960895,2863.590542,2652.358993,2743.354204,1.984476364,2483.410042,2852.107044,2536.364683,2801.413418,2544.343526,2651.749971,2721.780708,2158.315315,2918.211787,2542.568904,2476.508959,2559.026774,496.402308,2710.767366,2629.415914,2675.904164,2806.402751,2878.269109,2857.024343,2632.680711,2609.504458,2569.545264,2635.875452,2657.600039,2991.709307,510.0016551,2574.515203,2617.930544,2393.31834,2602.890595,2909.648292,2627.067797,2932.999552,2301.917503,2241.315613,2398.466716,2617.509136,2580.885877,2299.892838,2838.897073,2520.087285,2741.452163,2625.647322,3090.950067,2792.688719,2843.91523,2474.309517,2753.265843,2672.772048,2745.6063,2894.179795,2302.468026,2537.425678,2632.906905,2833.6416,2900.936964,2788.656522,2915.84015,2971.505761,2615.888003,2550.00084,2701.019467,2947.788675,2689.990836,2376.181148,2632.104708,2853.338186,3044.479481,2881.323667,2906.750246,2840.882312,2752.555772,3169.495008,2718.089311,2983.388507,2790.415154,2835.50228,2748.180197,3013.439232,2865.642374,2857.267712,2753.281815,2408.34975,2788.37869,2803.833648,2935.46399,2778.061474,2422.474611,2784.908207,2690.225051,2951.390074,2840.183741,3068.973101,2896.357418,3115.896816,2775.627976,2910.561262,3081.490899,2710.266333,2965.357557,2952.92707,2736.183034,3020.620993,2782.977767,3019.018079,2813.237846,2966.979324,2944.514545,2831.393141,2796.975752,2537.88274,2665.402221,148.6447975,2979.526826,2795.37122,2908.802412,2805.109614,3043.504599,2839.290676,2938.804969,2757.681102,3017.685801,2886.515099,3039.476377,2758.236294,24.20162095,2886.373384,2907.699742,2813.000824,3047.233052,2750.487131,2783.096633,2848.725661,2775.234394,2939.853699,2759.549618,2522.252524,109.2690128,2824.250351,2564.248745,3055.031019,3037.833798,3185.623362,2523.649051,2805.619795,2689.358634,2720.683372,2811.151871,2920.833372,2686.433755,2659.01054,2791.527733,2898.647115,3082.4592,2918.611661,2747.955845,2793.505195,2798.203261,2708.947033,2788.833275,2759.386003,2649.112318,0.775423637,2587.009175,2770.257866,2956.419616,3123.661376,3136.989698,3043.348418,2766.181116,3273.269952,2974.766027,3050.461645,2619.869792,2874.337726,3195.499388,2979.706771,3017.662388,3099.407814,3070.004379,2963.740063,3523.017122,3095.502441,82.38621001
31,2595.423988,2674.257986,2752.322784,2713.082964,2801.773727,2606.013782,2578.272193,2337.325601,2570.624478,2858.402874,2689.412599,2762.697664,-2.105159405,2502.71109,2878.631698,2527.488501,2812.815777,2532.821049,2657.185825,2734.027278,2134.677186,2948.720993,2548.685111,2497.01424,2568.009183,833.2039784,2719.352009,2670.37194,2689.455259,2826.725591,2906.017031,2852.358357,2680.56968,2617.074304,2632.437198,2634.942833,2661.52524,3020.177335,857.8792728,2615.740932,2630.380777,2385.162435,2601.696622,2913.499526,2659.228338,2943.497113,2362.960523,2458.673255,2478.765515,2644.0659,2629.771513,2314.932345,2854.551145,2532.418382,2766.26077,2633.752735,3115.420067,2798.665249,2856.095374,2486.151317,2837.427321,2704.695069,2799.370646,2912.60247,2326.702973,2566.250084,2652.150744,2853.341589,2903.877595,2818.69528,2974.188088,3004.790832,2636.395331,2601.999066,2761.666623,2978.305929,2704.486999,2390.042444,2659.712318,2881.165597,3073.537746,2927.632083,2923.299306,2932.333934,2780.876936,3220.778881,2738.828379,3016.543717,2836.410988,2883.176257,2770.903679,3028.719194,2874.827877,2866.896131,2764.469761,2422.611146,2809.678651,2848.828661,2981.663763,2780.539478,2591.209396,2804.393135,2750.710355,2974.760335,2855.171668,3102.742996,2917.403663,3155.97168,2828.764258,2938.458875,3100.644115,2853.474591,3005.599335,2977.355384,2742.715449,3046.073229,2793.694705,3019.58422,2816.277894,2971.414235,2965.721266,2880.986967,2868.221999,2615.791085,2677.217966,155.0565218,3009.437009,2842.093102,2944.437079,2895.396673,3070.064655,2867.621469,2979.350962,2777.396386,3026.147877,2912.557712,3048.037582,2770.486955,72.89502107,2899.606567,2927.376323,2817.15628,3103.724356,2747.786545,2775.54923,2873.376602,2783.651226,2976.265579,2771.511448,2513.431732,107.4389349,2856.085515,2583.05478,3080.992522,3070.845329,3193.857236,2549.53785,2859.746626,2705.580078,2756.753915,2856.994423,2935.255846,2690.059211,2659.39714,2792.12426,2900.570349,3061.554608,2925.433831,2750.13135,2803.051644,2826.262433,2706.666771,2838.207195,2765.383065,2711.903758,-1.050954431,2589.974803,2779.220988,2973.003986,3141.852748,3147.120182,3068.01839,2798.881923,3287.177806,3007.711872,3093.195146,2645.299699,2879.364287,3192.018148,2980.66115,3074.723808,3116.17242,3080.831048,2939.871176,3551.399713,3090.059285,84.75716454
32,2626.097824,2679.828255,2755.300261,2705.552582,2798.577536,2592.909114,2558.893237,2323.914481,2561.03033,2847.593135,2698.619105,2762.794466,-0.807053591,2498.629633,2888.084672,2517.910754,2811.094199,2514.66486,2655.208825,2734.259165,2117.116414,2964.029573,2544.401886,2502.714232,2568.863533,1342.727141,2717.374503,2691.583274,2690.888229,2835.265403,2915.609289,2836.859165,2683.080914,2619.439739,2659.350526,2627.850754,2657.066769,3034.305075,1389.044989,2619.336034,2630.8605,2382.479474,2593.542149,2909.079243,2665.019053,2944.594611,2400.777126,2577.216296,2507.042654,2654.676643,2651.787295,2322.230479,2853.901909,2524.436207,2773.836038,2627.987843,3121.452174,2791.178586,2846.761036,2479.096683,2872.061918,2704.85217,2820.701234,2918.758287,2339.060623,2572.892517,2657.441591,2860.70066,2894.938919,2819.911581,2995.902267,3017.907642,2640.841346,2615.788236,2778.139262,2990.836592,2706.629629,2391.40143,2666.221482,2882.950483,3083.044096,2947.354381,2891.981723,2966.647219,2788.291725,3240.222092,2735.727718,3022.201502,2855.001035,2899.164043,2778.482161,3027.519817,2869.372172,2859.799412,2764.888543,2429.105799,2817.242944,2858.384781,2993.840262,2773.828114,2676.385447,2808.203195,2770.0758,2972.931075,2857.233548,3111.850029,2915.506302,3170.542135,2835.801588,2949.552019,3103.311086,2904.841124,3024.001944,2988.191226,2743.235656,3035.205366,2786.673672,3008.019427,2807.605161,2965.398374,2976.785601,2884.757484,2891.21309,2650.482368,2672.831269,153.1706364,3003.993081,2849.26739,2942.149591,2928.667544,3077.283424,2858.877101,2978.221542,2779.257132,3016.029927,2897.404525,3048.189372,2767.124021,158.2432548,2898.777548,2927.778293,2808.70836,3129.864673,2734.474611,2764.946021,2877.068631,2768.977077,2986.399215,2774.690678,2488.790676,111.5783702,2848.492738,2586.151375,3084.030224,3075.267376,3191.542021,2530.447128,2864.183152,2695.884548,2761.130494,2857.379445,2939.561006,2685.602879,2654.594402,2783.632302,2892.805254,3043.061408,2920.043155,2743.278189,2797.03184,2840.681382,2692.809942,2854.964027,2762.258181,2747.2256,-3.278914146,2578.87457,2768.768009,2967.712334,3146.431468,3140.370643,3054.553971,2807.023859,3283.065305,3017.546528,3105.863576,2643.233203,2874.079969,3180.747591,2969.406224,3082.049213,3101.367997,3077.932498,2908.811605,3542.965027,3079.240899,86.15739237
33,2625.795198,2666.845936,2756.522596,2693.619694,2792.386577,2580.562853,2538.785716,2317.381508,2549.027797,2834.935851,2693.663108,2756.498311,-3.377213049,2485.889331,2886.66543,2510.797841,2805.314517,2500.32048,2650.426938,2729.786107,2108.562264,2968.127572,2535.78381,2498.302691,2563.617979,1860.49692,2710.632152,2698.416362,2685.609115,2838.160215,2914.230241,2823.127225,2664.099994,2615.344524,2663.554283,2616.881303,2648.057155,3037.503179,1938.366511,2605.323271,2625.828149,2378.589844,2584.352073,2901.74072,2658.066518,2938.570066,2418.294176,2623.013863,2506.451216,2654.087813,2655.105979,2322.251155,2847.139351,2513.428013,2772.160226,2618.992025,3115.762868,2778.137491,2830.180629,2466.195646,2878.511395,2691.750113,2821.107524,2917.323453,2342.113243,2565.461437,2655.341277,2858.668167,2880.453533,2809.931385,2999.507827,3019.656538,2638.393067,2610.134546,2773.282995,2991.860195,2703.56976,2387.455017,2659.190376,2871.882707,3079.53177,2946.813916,2852.710217,2966.478952,2785.630373,3240.141376,2723.582175,3017.014502,2854.481385,2901.130115,2776.138749,3021.358288,2858.516636,2845.911578,2756.825755,2428.203044,2816.432301,2848.113168,2992.001606,2763.528807,2704.970477,2800.864231,2767.179011,2959.506938,2851.467808,3106.794407,2903.473265,3171.339195,2819.536666,2947.241768,3099.005952,2901.727989,3029.615896,2988.607788,2738.367448,3016.166881,2771.717327,2993.469727,2795.148014,2953.489347,2979.418213,2868.541762,2884.362767,2657.793692,2664.390375,155.1793383,2986.743822,2842.571878,2927.80144,2930.245358,3073.369661,2836.079398,2959.496703,2774.071552,2999.364116,2876.537388,3040.388385,2755.065367,313.3076292,2893.625731,2919.172497,2797.134462,3139.632639,2717.971914,2755.822829,2871.71533,2748.67465,2982.10309,2769.419074,2466.571359,112.6350849,2826.584659,2578.261284,3074.25674,3064.928409,3186.839532,2498.688878,2847.914369,2677.157133,2753.475914,2839.6861,2937.89415,2678.444086,2647.043979,2774.140887,2882.093526,3028.849308,2910.026061,2732.010118,2786.811779,2847.185609,2678.413824,2853.347812,2754.381667,2764.473545,-3.623592656,2562.376581,2753.449104,2954.476862,3144.14541,3129.882127,3029.743225,2802.220639,3271.037369,3015.785053,3104.806896,2626.665628,2861.526659,3164.066407,2950.258535,3063.958622,3079.111235,3067.414544,2883.168007,3520.644951,3065.434071,86.77150109
34,2614.72269,2651.800363,2748.895832,2677.442348,2783.658502,2568.107734,2519.532676,2312.058296,2537.146586,2820.195991,2679.863308,2743.51637,-1.619536163,2470.125933,2879.797038,2504.719303,2796.690096,2488.147981,2642.711827,2722.225959,2100.473332,2964.081326,2523.181032,2489.443745,2552.445731,2321.306203,2698.998227,2695.202806,2676.039914,2836.213457,2905.259425,2808.904258,2641.13442,2607.657008,2656.753383,2604.804546,2636.256712,3032.759104,2436.567827,2585.859885,2616.781933,2372.422128,2575.149695,2893.52931,2643.590185,2927.6585,2422.728258,2623.326348,2493.737661,2644.746196,2648.178044,2315.226873,2833.515868,2500.293298,2764.190472,2609.051429,3102.374336,2760.779337,2812.055485,2452.705987,2867.73506,2673.954322,2811.133034,2909.481094,2336.559684,2548.844722,2646.718898,2849.480314,2866.989068,2795.906595,2993.573966,3011.625487,2626.950888,2594.826086,2758.082858,2984.685571,2693.430261,2378.58415,2645.975534,2856.364354,3069.357947,2936.562787,2819.361598,2952.468821,2776.623474,3226.898546,2709.112659,3004.227417,2842.686812,2891.899876,2764.808334,3008.573524,2843.786037,2829.377372,2742.401239,2422.059853,2806.509548,2831.618739,2982.208177,2750.274779,2697.841075,2788.608803,2753.238402,2940.952622,2841.108316,3094.530487,2887.220228,3161.308966,2799.269891,2938.181969,3089.802573,2875.008142,3028.251305,2979.34881,2729.892551,2995.160584,2755.725125,2978.573447,2781.715128,2939.086442,2977.345994,2846.515559,2866.811909,2652.345968,2650.877318,162.2104979,2964.917045,2824.482573,2910.433676,2915.303237,3060.80268,2813.454563,2937.385319,2760.637381,2979.512094,2855.453502,3028.611047,2739.939288,582.4931147,2884.5738,2906.933651,2779.882113,3138.606006,2704.229252,2743.062153,2861.330414,2726.21318,2970.697039,2759.122364,2447.583127,115.0336067,2798.273354,2565.946195,3058.357173,3048.206916,3176.225533,2470.832801,2828.77294,2656.840514,2741.144932,2815.628639,2929.127886,2667.575742,2635.770755,2760.275205,2867.556189,3012.1217,2897.037085,2719.985053,2772.075739,2845.482836,2662.118246,2841.581454,2742.570303,2766.53975,-2.674938231,2544.963052,2737.419312,2936.733878,3136.305856,3115.001411,3002.944323,2789.910414,3252.81983,3003.678855,3089.927396,2607.082955,2843.846334,3145.909434,2930.861499,3036.256037,3054.669455,3050.65675,2862.41972,3490.481324,3048.199434,90.21119766
35,2598.856068,2627.012583,2735.085682,2659.320112,2773.166646,2553.941164,2504.635405,2304.77204,2524.952157,2803.098511,2664.856225,2727.306503,-7.412893033,2452.740333,2869.989394,2497.974443,2789.2785,2476.908455,2634.261935,2712.310829,2091.511866,2955.376104,2508.905169,2480.416782,2537.234301,2698.663465,2685.745146,2688.960256,2661.933885,2833.145953,2893.377472,2794.063433,2619.175872,2598.800339,2645.108322,2591.709403,2623.11622,3022.412714,2850.490849,2567.700391,2605.144523,2363.600698,2567.072021,2885.61264,2627.011127,2912.963711,2420.490903,2604.452246,2477.475871,2630.660996,2635.03037,2303.150099,2816.962937,2488.23109,2754.539822,2599.999818,3085.345063,2741.814991,2796.228186,2439.483673,2851.22721,2657.334082,2798.877068,2896.652703,2326.314419,2528.960911,2633.828866,2837.31376,2852.998795,2783.278648,2985.672584,2999.836232,2611.504711,2575.3406,2741.874412,2973.154184,2680.426223,2367.030964,2629.429075,2840.926021,3055.64449,2919.296945,2793.395632,2933.483938,2766.899285,3208.39659,2694.044465,2990.263726,2825.707424,2879.743254,2749.32378,2993.337254,2828.452032,2810.253719,2721.568628,2411.672799,2791.70557,2814.109224,2971.416248,2734.387075,2672.549206,2772.454695,2739.389065,2922.212437,2829.295401,3080.017036,2872.527393,3144.805626,2780.404766,2925.595588,3078.005429,2844.04436,3023.425262,2964.605759,2717.664372,2975.299769,2741.080156,2963.414627,2769.205369,2924.844619,2971.147879,2823.765803,2843.28709,2642.47409,2636.766201,157.3494395,2939.672043,2803.79556,2892.147918,2895.607498,3047.331709,2792.914108,2915.412244,2744.013932,2959.136614,2838.546212,3013.973686,2723.260859,985.7795031,2873.866461,2893.095312,2758.584497,3133.9842,2692.61721,2728.246982,2850.287243,2705.35537,2955.737794,2746.633036,2433.48416,118.3308426,2769.945256,2552.686519,3040.017413,3027.174404,3162.897929,2450.687681,2811.450651,2637.002707,2728.330128,2789.960919,2916.071024,2657.625023,2623.172565,2745.929211,2851.977388,2992.365016,2883.202764,2708.464794,2755.191612,2838.805191,2645.181908,2828.950135,2729.231351,2762.453738,-6.449428126,2529.110898,2721.299967,2919.296225,3127.019366,3098.489196,2978.85991,2774.243447,3232.670655,2988.117597,3071.434119,2587.61958,2823.218287,3125.256856,2911.185435,3006.382903,3030.130098,3032.236528,2846.03643,3458.205803,3027.708762,86.70494244